tsne-2d-one,tsne-2d-two,cluster
1.8936602,41.650284,3
43.093117,-15.044659,2
-21.294361,9.52542,1
-11.913796,22.905367,1
-48.44992,5.679633,1
-9.934105,-44.37362,1
-30.591108,41.85745,1
41.42659,18.443644,3
26.877068,16.099443,3
24.155699,-8.036619,3
-18.042763,-10.399335,1
-26.445572,-33.20757,1
26.980585,-30.2896,3
26.91205,42.36774,1
2.4992983,-22.575394,3
15.281922,-15.664721,3
-6.120094,-6.212648,1
-38.84101,-18.630741,0
-16.439133,48.93409,1
40.123833,14.374831,3
26.565378,13.372687,3
22.41057,-6.5526714,3
-2.9880311,0.25571546,1
-28.628223,-22.968378,1
-25.651146,39.128883,1
39.402493,22.784842,3
31.434668,10.209939,3
24.148779,-1.056977,3
-9.431716,-14.416019,1
-32.94111,-32.752254,0
-22.413671,44.339893,1
44.089798,19.406656,3
21.904531,12.3976755,3
19.029573,-8.650469,3
-14.275898,-16.764137,1
-23.775026,-29.4655,1
-20.02012,43.45324,1
43.016018,10.764998,3
31.670311,18.965954,3
21.079994,-4.9689903,3
-7.112557,-17.594246,1
-26.065443,-23.868526,1
21.689678,-20.531515,3
31.695118,36.32939,3
6.162831,-18.355251,3
15.900078,-14.378797,3
-8.794307,-7.321594,1
-41.74885,-14.6671915,0
2.7567067,33.74739,3
55.48229,-9.501855,3
-20.06632,18.370142,1
-5.3891325,24.067354,1
-51.633247,1.3974668,1
-6.3940077,-55.475475,1
-14.056374,37.315216,1
40.928497,1.8196826,2
5.935991,-11.75188,3
0.51929855,14.585819,1
-32.962856,14.266069,1
-9.137739,-35.166157,1
-7.750075,44.073345,3
48.099712,-18.088808,3
-27.533657,19.897247,1
-8.723715,28.964956,1
-45.90954,-1.3025095,1
2.0280337,-46.67939,1
-17.913305,47.4378,1
45.490654,27.598679,3
24.882702,11.287481,3
21.824467,-3.2851315,3
-5.936774,-17.987942,3
-27.24647,-24.359077,1
9.351453,32.425587,3
46.627777,-7.392246,3
-22.477808,2.269889,1
-6.683693,31.34893,3
-45.04124,2.9939804,1
-1.0448927,-38.883156,1
2.5420675,42.336735,3
43.63029,-15.170243,3
11.003718,15.363897,1
-10.376335,23.370613,1
-47.858425,6.625593,1
-6.975942,-42.67745,1
25.807564,-29.979017,3
28.058767,39.56196,3
2.9952095,-27.05337,3
13.418496,-21.860239,3
-0.47455978,-5.5982785,1
-44.22929,-21.95116,0
-8.862917,51.42722,1
42.201866,6.4294457,3
31.497904,-10.235877,3
0.083662055,18.899221,1
-26.863613,2.9599326,1
-27.92562,-39.21518,1
-1.9888984,56.42542,1
41.835896,-14.410501,3
-14.687905,17.213692,1
-12.50574,22.301092,1
-53.35317,-0.3964676,1
-11.579326,-57.035484,1
-16.17967,43.71657,1
45.557907,11.124531,3
25.211763,7.519833,3
-26.896303,-8.69675,1
-6.722584,-23.040348,3
-23.340645,-22.690987,1
21.697187,-32.75927,3
28.4193,38.395493,1
4.81429,-26.083235,3
16.416292,-15.677084,3
-5.9040904,-6.231939,1
-44.75783,-22.365797,0
24.282896,-32.680115,3
26.642193,34.00196,1
2.2415352,-21.719778,3
16.66887,-12.169262,3
-4.600166,-9.553168,1
-43.10808,-21.149664,0
16.340591,41.61335,3
39.70371,-22.348234,3
-16.166193,25.86054,1
2.0683508,8.159715,1
-48.631878,12.761672,1
-12.525194,-47.976074,1
-32.408398,48.050938,1
48.832222,20.298742,3
29.022326,5.4843254,3
26.804106,-1.5504386,3
-13.376205,-8.707271,1
-29.69775,-32.973534,1
2.225478,36.860695,3
43.77965,-21.122425,3
-18.902794,24.451164,1
-7.428874,11.11152,1
-54.470406,4.7031913,1
-6.11901,-53.37187,1
19.310846,-30.824974,3
31.709866,38.784695,3
7.396317,-20.970604,3
17.625772,-12.016897,3
-4.404688,-11.191687,1
-44.036083,-17.72102,0
-21.462984,50.575985,1
38.997383,18.460344,3
28.377882,12.39783,3
19.824959,-1.2956337,3
-16.74423,-13.790222,1
-26.219341,-30.704931,1
17.328236,-36.921715,3
17.912813,28.630043,1
16.958225,17.781847,1
11.308511,6.025053,3
-11.826271,-5.422518,1
-44.63924,-33.409885,0
12.021838,54.860226,3
36.47764,-12.72633,3
-13.422459,12.368291,1
3.5052574,19.43251,1
-31.824087,6.741291,1
-13.006591,-39.023304,1
9.899022,-3.2696993,3
39.569363,-16.764591,2
-15.06686,3.3744283,1
-13.919999,32.64922,1
-29.103807,-3.613594,1
-16.73932,-44.324425,1
10.654492,19.481749,3
36.229725,-21.553358,2
-25.603987,30.7418,1
4.2576866,28.742144,1
-35.084023,-0.68785566,1
-16.50428,-52.4723,1
-16.996906,43.153214,1
45.959156,10.498337,3
24.356644,8.4246855,3
-26.3169,-9.091607,1
-7.230735,-22.140022,3
-24.054676,-22.773321,1
-25.584557,46.619507,1
47.528545,17.321756,3
28.239546,18.812164,3
27.370535,-2.9200737,3
-11.559851,-10.095331,1
-29.054012,-33.95662,1
-35.402683,41.91631,1
35.601456,5.2213974,3
34.90707,14.848,3
22.247156,5.2963505,3
-24.468164,-13.507024,1
-20.509102,-36.73311,1
14.077522,45.10003,1
48.677708,-17.06291,3
-30.014679,23.260824,1
-1.9673048,31.131601,1
-41.473774,4.0734644,1
-1.5481851,-44.5243,1
-32.194653,46.844513,1
47.592457,19.303755,3
29.254337,15.663883,3
26.936926,-1.0067985,3
-15.009357,-9.262557,1
-29.745892,-32.923153,1
23.491535,-26.417614,3
25.168617,39.42637,3
-1.006118,-28.773003,3
18.340458,-18.051987,3
-2.4791093,-11.695421,1
-39.82511,-19.20482,0
-5.6364303,46.602985,3
53.960957,-8.7933445,2
-22.35892,14.310748,1
-9.50258,24.770287,3
-47.924725,-4.5497036,1
-11.668559,-50.566364,1
4.7918158,34.616142,3
42.055344,-21.123875,2
-19.463085,16.956442,1
-11.72963,21.951494,3
-52.93925,1.9194382,1
-10.066363,-55.08498,1
20.594746,-27.5114,3
23.55192,41.165947,1
4.244608,-20.36794,3
14.300228,-13.96713,3
-5.823164,-8.52631,1
-45.19911,-20.660248,0
9.690685,42.04754,3
36.227825,-18.764341,3
-13.59734,14.324463,1
4.27614,26.435076,3
-33.9442,-5.172663,1
-19.43883,-52.97018,1
-8.018736,45.871395,3
46.688095,-3.9318857,3
-27.999865,17.111176,1
-7.715647,27.075748,1
-45.404564,-2.2410276,1
0.46336752,-42.57216,1
1.8184345,52.566425,3
49.092426,-23.017162,3
-18.21794,28.14482,1
0.8796929,29.679749,3
-38.674343,4.6843057,1
-0.5114417,-55.900143,1
-30.697344,38.876663,1
44.192898,17.372345,2
33.709385,14.044454,3
24.843891,-14.5854,3
-19.048178,-32.213203,1
-16.278559,-28.662052,1
5.981458,49.504913,3
54.340843,-7.2501025,3
-17.784489,14.482836,1
4.3830585,16.892792,1
-42.225544,14.303428,1
-7.2965918,-57.190002,1
22.00979,-36.528877,3
20.530201,30.17253,1
12.432776,8.562149,1
14.168066,-25.56458,3
-3.8528798,-15.244123,1
-42.1731,-26.574993,0
28.26493,-23.930576,3
26.910545,32.890575,1
4.7636757,-34.603134,3
6.6907945,-15.44455,3
-1.3442656,-16.325138,1
-43.85639,-25.311941,0
-13.683441,45.550888,1
48.602245,8.248954,2
27.104,-16.261387,3
-23.198954,34.691067,1
-19.998655,-37.93111,1
-12.880312,-28.59694,1
-23.516808,38.939182,1
39.470177,21.803944,3
31.626642,8.586573,3
23.227346,-0.5677011,3
-10.093274,-13.222396,1
-32.137844,-31.504257,1
1.7954886,39.606117,3
51.881676,-1.1349244,2
-31.75702,22.777937,1
-10.290159,30.117546,1
-44.96203,0.2828062,1
4.4662495,-45.913536,1
-6.6941986,40.58151,3
55.84537,-3.2189746,3
-26.401232,26.804893,1
-2.6497107,26.922628,3
-47.88158,0.47972617,1
4.3136187,-48.992966,1
21.754375,-25.05373,3
25.07023,41.276245,1
7.06792,-27.435078,3
12.289635,-15.576707,3
-1.939171,-9.252694,1
-49.52463,-18.46099,0
-1.7513465,43.161976,3
38.009396,-20.416378,3
-14.01137,10.28926,1
4.0314713,28.367027,1
-33.311264,0.7433206,1
-15.934841,-51.49595,1
-4.6630397,46.818974,3
41.28529,-23.690855,3
-20.415762,12.874989,1
-7.78562,25.688448,3
-50.024662,-5.2710524,1
-12.639981,-51.257133,1
-10.26053,38.358913,3
45.576622,4.2542973,3
32.144314,-13.046162,3
-4.352656,17.042059,1
-30.07807,14.81616,1
-24.325771,-41.138134,1
-8.022975,59.21006,1
54.94088,-15.039672,3
-24.55442,12.456969,1
6.765566,-1.9705653,3
-57.502857,0.54492897,1
-8.725906,-38.12222,1
2.44475,44.23654,3
46.306244,-17.6953,3
-20.428915,12.033745,1
6.395078,27.212715,1
-41.697147,6.972648,1
-4.504784,-43.603405,1
-3.1970153,58.6372,3
44.815216,-5.180528,3
-21.654339,27.03754,1
6.122807,7.347957,3
-43.69471,9.410745,1
-1.5747684,-42.4266,1
-13.659919,46.474106,1
50.73929,9.194708,3
28.158318,-15.796256,3
-22.89924,33.543404,1
-19.721851,-37.9814,1
-12.685906,-28.238321,1
4.556579,22.064217,3
55.369556,-15.4275,3
-25.073906,12.89899,1
7.023433,-2.6750019,3
-57.020752,-0.3912744,1
-8.16321,-38.657158,1
-15.396474,43.333733,1
45.922997,12.313702,2
26.056578,6.5601544,3
-27.168999,-8.653147,1
-6.06551,-22.504229,3
-22.468754,-19.1554,1
-20.569471,47.143658,1
41.284256,13.2764225,3
29.705713,20.349852,1
20.956345,-7.251295,3
-6.6826077,-1.3906993,1
-26.277512,-27.82692,1
-4.7198424,46.690346,3
41.856598,-22.287323,3
-20.432251,14.048483,1
-8.846751,25.111658,3
-48.675602,-5.0691123,1
-12.220245,-50.539,1
14.46853,39.26978,3
40.728447,-20.720278,3
-17.789585,25.905413,1
2.999085,8.004972,3
-47.944347,10.450941,1
-11.197186,-47.93612,1
8.790966,39.625286,3
34.914555,-17.396948,3
-10.609438,12.583762,1
2.8586106,24.267813,1
-37.944126,-2.2658272,1
-4.5501385,-32.939644,1
-5.5060053,36.53759,3
50.621075,-2.8292575,3
-22.277405,23.064466,1
-7.5903044,15.490121,1
-51.7529,6.6382484,1
-0.67770684,-47.422127,1
23.12026,-27.929756,3
27.023264,41.345814,1
3.965736,-22.90099,3
17.64547,-15.166678,3
-3.0538926,-10.664724,1
-38.47763,-17.205397,0
9.192367,51.63568,3
41.850822,-25.339123,2
-19.206669,13.95868,1
-2.1767783,23.362875,1
-48.12975,9.314119,1
-8.976272,-54.327396,1
-8.969312,39.09051,1
46.608322,4.879184,3
31.7111,-14.820719,3
-0.4924556,14.9833765,1
-32.555042,17.547586,1
-25.207767,-41.13778,1
-7.110136,59.12174,1
55.67366,-14.472315,3
-25.310862,12.006214,1
6.288202,-1.3413578,3
-58.25686,1.4946291,1
-8.275039,-37.721634,1
1.9864448,53.193413,3
46.151768,-21.002798,3
-18.196392,28.666622,1
1.6460781,29.53503,1
-38.027756,5.0236816,1
-0.538006,-55.064598,1
-6.1029434,45.703953,3
56.39917,-19.462275,2
-22.359833,15.160895,1
-10.502127,24.507357,1
-47.65363,-5.38018,1
-10.478315,-50.000618,1
22.584772,-30.258482,3
25.410185,33.77517,1
1.4153376,-26.78599,3
16.00959,-18.192078,3
-2.9717155,-8.056943,1
-41.746655,-20.897799,0
14.624133,49.00021,3
46.7246,-14.430763,3
-17.976034,3.1187952,1
-10.1834545,17.301289,1
-53.289124,6.548254,1
-7.447271,-43.90801,1
1.4169642,52.006268,3
50.205692,-22.295425,3
-18.1197,27.083143,1
0.5293453,29.280724,3
-39.66892,4.798961,1
0.20036346,-52.05709,1
21.596907,-28.917175,3
25.666628,34.95993,1
1.6532826,-25.33397,3
15.131584,-17.363955,3
-4.667126,-6.4011455,1
-40.960873,-20.466625,0
25.79621,-31.941986,3
29.593925,38.15923,3
7.060861,-20.114222,3
18.614483,-13.257085,3
-7.5117145,-8.149117,1
-37.966557,-18.663471,0
22.554438,-31.70023,3
28.766079,39.72477,1
4.2060738,-27.769064,3
15.023371,-21.860107,3
-0.014828786,-4.703753,1
-44.255367,-21.941217,0
8.023659,22.745245,1
36.10211,-10.981072,2
-10.024539,9.410565,1
1.8935068,20.531986,3
-32.696484,9.809938,1
-12.93326,-39.89468,1
-33.569633,37.212776,1
46.44848,14.241551,3
33.958275,19.581154,3
24.686901,-11.809113,3
3.286883,-11.131181,1
-27.642454,-25.864199,1
-5.7601404,40.00161,3
52.390667,-2.7514653,3
-27.623652,21.735733,1
-3.7495399,26.611792,3
-46.65908,0.9852896,1
3.5105505,-47.170513,1
25.740702,-37.859837,3
23.254274,28.622686,1
2.4513354,1.6823982,1
13.341214,-29.839321,3
0.09407957,-16.932775,1
-48.47408,-28.260172,0
29.191437,-31.138489,3
30.030704,33.773018,1
7.1235294,-26.150625,3
17.027351,-13.758693,3
-3.132595,-11.078858,1
-39.53834,-17.233078,0
-18.313423,50.31064,1
46.291145,16.808052,3
29.280493,10.633038,1
24.443764,-5.0052733,3
-9.799053,-11.208325,1
-23.281832,-26.480494,1
-1.9086609,41.613197,3
37.415195,-21.401556,2
-14.3116665,9.387212,1
3.45281,29.245642,1
-33.317623,0.020616803,1
-15.803205,-52.013405,1
-5.046725,38.786785,1
51.417976,-2.8035092,2
-29.06276,19.37775,1
-4.973671,26.528912,3
-47.076015,1.1215163,1
3.076037,-45.774662,1
21.573019,-25.910975,3
24.017584,40.55461,1
4.891558,-29.797808,3
11.155627,-15.8909025,3
-0.74205756,-9.531707,1
-49.073093,-18.734907,0
1.2867982,44.343822,3
45.86051,-18.393497,3
-20.267542,10.267201,1
4.1925035,31.21404,1
-40.55982,8.528752,1
-5.1295023,-42.875893,1
-15.677129,49.829067,1
41.51996,14.089525,2
24.349123,13.776791,1
22.645113,-7.743569,3
-3.30312,-0.3598381,1
-29.010351,-21.27339,1
17.87912,-32.057144,3
24.93686,36.28449,1
4.556296,-18.240326,3
10.890349,-20.092627,3
-3.3240097,-5.6781197,1
-47.239384,-19.495941,0
13.140059,35.22041,1
49.84488,12.227183,2
29.232761,-12.967865,3
-20.103848,32.11133,1
-17.943308,-36.870274,1
-10.093026,-27.970499,1
4.454556,36.79668,3
55.38378,-6.9716907,3
-19.264198,25.333197,1
-7.913278,12.591959,1
-53.811455,3.513285,1
-5.2493453,-55.12753,1
2.8481145,14.648862,1
52.972454,-4.9093423,3
-29.98606,19.57342,1
-4.967635,31.446323,1
-42.664005,2.0487273,1
-0.43600416,-50.18276,1
-0.60876346,50.126278,3
44.773106,-22.349428,3
-15.767001,14.168895,1
-5.1449094,29.759117,1
-42.96049,0.13950317,1
-3.2885952,-55.45747,1
-34.911842,36.846672,1
41.825512,9.475655,3
31.554863,16.982721,3
28.101244,-5.7969847,3
3.269977,-9.791882,1
-28.195343,-25.2546,1
-0.3020235,45.943798,3
42.793736,-24.788374,2
-22.340424,11.937481,1
2.174616,31.522982,1
-41.006794,9.987624,1
-9.94057,-55.82519,1
6.60103,38.495964,3
38.520863,-16.007454,3
-12.792437,5.037083,1
-12.746317,30.915863,1
-35.893703,9.381552,1
-13.715009,-44.084652,1
-17.716782,43.190346,1
44.32777,10.183779,3
24.861444,9.334042,3
-25.19038,-9.243453,1
-7.3416033,-21.952118,3
-24.119286,-22.411219,1
27.538908,-33.619762,3
27.435314,35.784973,1
8.112731,-26.283558,3
10.911488,-18.723024,3
0.3890693,-8.864454,1
-43.76945,-22.486776,0
-5.0767436,41.894783,3
47.35729,-22.55824,2
-20.537954,25.74641,1
-10.94894,16.009964,3
-50.190605,-1.5713048,1
1.6536998,-49.08355,1
-21.03904,51.498333,1
38.914707,17.045372,3
28.709652,13.4087305,3
19.891098,-1.2750713,3
-16.741795,-13.776015,1
-25.964752,-30.109386,1
-13.176018,48.644985,1
49.308895,9.288261,3
27.36399,-14.858292,3
-22.004263,33.394394,1
-18.992018,-38.451775,1
-12.428523,-28.12571,1
26.261686,-32.60093,3
29.375105,36.948685,3
7.973605,-23.00509,3
11.26694,-17.396336,3
-2.0014155,-8.024603,1
-41.453957,-18.011213,0
18.347927,-40.046116,3
23.243443,24.94117,3
21.377262,21.437353,1
14.47086,8.6523485,3
-32.250534,-11.100049,1
-38.692745,-34.18455,0
-0.13753349,40.93691,3
51.21559,-0.79437035,2
-24.641722,-2.2371185,1
-7.4481187,32.10834,1
-44.90581,5.3125596,1
4.1472554,-44.705807,1
5.6261606,34.41231,3
43.67929,-20.545784,3
-18.645098,14.115336,1
-3.062269,23.34301,1
-48.840904,8.586658,1
-7.48458,-55.065163,1
-32.09048,37.39738,1
43.942673,14.136955,2
35.44078,9.398842,3
25.713509,-12.986598,3
-18.442623,-31.232185,1
-15.396562,-25.801373,1
1.9355965,51.525814,3
49.726936,-20.270815,3
-24.823784,22.781656,1
0.32637474,30.10058,1
-39.712822,5.558244,1
0.30672148,-51.342117,1
-28.615625,47.347424,1
38.332657,22.673613,3
32.618668,12.558773,3
11.308746,-6.4053836,3
-12.28383,-21.80245,1
-29.796507,-28.938267,1
15.236571,-37.555798,3
19.276634,25.74031,1
18.323135,21.671871,1
15.577926,0.9605182,3
-21.343304,-4.92407,1
-40.452213,-30.696186,0
-38.254543,37.889683,1
36.86058,3.2427485,3
34.43198,17.950565,3
25.726954,-8.34258,3
-28.738346,-10.877701,1
-14.700305,-36.395657,1
-3.3163342,54.6755,1
50.021362,-4.445289,3
-20.048931,2.5557213,1
-4.9745293,28.351118,3
-44.31002,4.371093,1
2.300941,-42.789154,1
-2.0610406,48.006107,3
47.445415,-21.722939,3
-22.971832,26.748755,1
-2.642728,24.818357,1
-42.54574,4.838217,1
1.6031675,-53.184082,1
-8.673722,50.61086,1
41.47697,6.113529,3
30.684874,-10.322402,3
-2.800796,19.499231,1
-26.310545,4.594698,1
-14.784079,-32.266453,1
-14.099032,42.215317,3
45.153828,7.020068,2
30.527395,-17.585928,3
-19.640001,34.42415,1
-27.883547,9.566321,1
-25.239498,-18.098211,1
3.9459946,48.84003,3
45.084393,-25.60134,3
-22.051197,17.783485,1
0.29058245,7.632067,3
-46.427414,14.476812,1
-5.762213,-52.293423,1
13.86604,-38.262722,3
19.328274,26.870506,1
17.029644,19.731432,1
15.57963,1.2033619,3
-20.41567,-4.9246182,1
-40.420097,-32.31023,0
7.563932,5.333525,3
40.975468,-8.381813,3
-13.714613,4.794862,1
-13.775229,31.684095,1
-36.722042,-5.1219087,1
-15.468938,-43.0178,1
19.33332,-35.30937,3
19.637293,30.059717,1
12.726732,12.009938,1
11.858347,-11.044169,3
2.8036096,-13.275585,1
-40.47893,-27.414433,0
25.31992,-23.509275,3
29.654694,32.108723,1
5.97749,-32.287098,3
11.606071,-13.284901,3
-2.224088,-19.429247,1
-47.52409,-24.614748,0
4.087694,38.887386,3
35.386097,-15.4552965,3
-11.486428,12.236308,1
2.1730754,23.27233,1
-34.632256,5.3137307,1
-4.770861,-33.49599,1
16.020275,-10.371409,3
33.58226,41.435482,3
9.500015,-30.324135,3
18.135971,-22.867859,3
0.77545977,-20.036062,1
-44.848213,-23.469517,0
-15.762312,58.52731,3
36.226795,-7.782272,3
30.59792,-20.484581,3
-10.133631,20.473516,1
-30.883247,11.945011,1
-24.32895,-44.76346,1
-12.56074,35.111553,1
51.635265,-8.413708,3
-26.003025,14.063076,1
9.484668,13.485438,3
-38.562115,-3.428893,1
-6.138134,-36.842068,1
-26.78223,51.167824,1
36.62738,1.8324537,3
35.628704,13.075153,3
26.989847,-9.412773,3
-27.463123,-11.978493,1
-16.943222,-35.249374,1
16.780003,-38.790066,3
20.283983,26.901367,1
20.057613,18.896368,1
14.743854,13.9501505,3
-13.093831,-4.555976,1
-41.963737,-29.80853,0
24.381926,-31.784924,3
24.579897,34.04475,1
0.73123294,-23.563313,3
16.717506,-21.23202,3
-3.2393878,-6.566281,1
-41.311237,-22.50643,0
5.344223,59.575855,3
50.32239,-10.787452,3
-39.769554,25.52924,1
6.8877907,-0.052431826,3
-48.140137,17.293621,1
-9.7723255,-39.84035,1
-17.433004,44.35264,1
44.98759,8.992511,3
23.498377,9.542634,3
-20.461624,-26.137957,1
-3.892062,-22.968534,3
-24.511065,-21.503143,1
-18.650015,38.693626,1
52.239407,17.737284,3
28.965733,23.801714,1
19.159983,-5.734668,3
-10.390954,-16.96001,1
-6.5226884,-27.566078,1
-20.237946,49.934067,1
45.800907,21.60847,3
27.690462,8.566929,3
24.418877,-4.302885,3
-8.80232,-11.929911,1
-22.274014,-27.381319,1
-7.380118,55.16087,1
39.349655,7.297862,3
31.334808,-8.9559,3
-2.8587582,17.999544,3
-25.822102,6.726209,1
-6.4012713,-31.696457,1
-10.301255,36.85596,3
46.713978,2.383377,3
7.601986,-10.975653,3
-14.565072,29.490551,1
-30.060759,13.521936,1
-20.719769,-45.779858,1
17.86477,-28.466991,3
30.016308,34.56528,1
7.135663,-24.6465,3
15.970764,-16.697681,3
-7.0280805,-5.536516,1
-42.47627,-18.109688,0
15.658953,-39.7278,3
18.189016,25.445274,3
17.61286,22.500334,1
14.60185,2.0284488,3
-14.982203,-3.4703665,1
-43.404015,-30.32957,0
1.0051804,35.475033,3
45.058144,-16.19345,3
-29.690195,24.315561,1
-8.0665,21.999466,1
-50.326763,4.1615534,1
-4.711551,-46.01471,1
-22.875038,41.737377,1
40.065628,16.803442,3
28.824404,14.140311,3
20.543985,-1.3107867,3
-16.26678,-13.021803,1
-25.194538,-30.70697,1
25.346355,-35.78845,3
24.00236,30.136324,1
2.7711499,-0.65264904,1
12.247214,-27.88265,3
-0.21091084,-14.936658,1
-44.544655,-27.65435,0
6.777495,58.73924,3
51.16974,-10.031837,3
-37.243767,24.247427,1
6.317529,1.3217595,3
-51.727592,12.459565,1
-12.070101,-54.90495,1
27.553501,-32.62181,3
30.254656,39.4987,3
6.4999895,-21.787289,3
18.178179,-13.67278,3
-3.1734693,-11.916484,1
-38.010914,-19.298555,0
16.338892,-40.021164,3
17.788317,26.320232,3
16.524904,22.662779,1
14.712702,-0.1862433,3
-14.284113,-3.225947,1
-43.39047,-30.270813,0
22.922138,-28.324762,3
26.171936,35.722248,1
-1.5567333,-28.487083,3
15.512683,-18.491842,3
-3.9484894,-9.671639,1
-40.845425,-21.167593,0
-19.11745,45.640766,1
43.742615,13.193216,3
25.971972,12.156883,3
22.042374,-4.1065593,3
-5.7498937,-16.162228,1
-26.332172,-24.43604,1
2.6906908,49.16175,3
51.589394,-20.371206,3
-22.59179,18.687803,1
2.207092,10.0705385,1
-45.342678,13.739873,1
-4.614807,-52.45995,1
-14.544521,57.58056,1
35.357037,-7.25963,3
28.403988,-19.084772,3
-10.2391,20.909563,1
-32.30181,12.553635,1
-25.03128,-44.35616,1
-29.446617,46.26393,1
42.044247,21.973692,3
28.268764,16.525757,3
14.754347,-5.9297843,3
-10.208657,-22.339802,1
-29.543253,-30.228453,1
-26.165525,44.72008,1
48.40315,16.52523,3
24.28199,15.984689,3
28.483719,-2.1755655,3
-12.352174,-10.687155,1
-29.05232,-35.121128,1
-11.211595,53.187927,1
43.567127,6.029974,3
30.144524,-11.478963,3
0.8987614,17.33521,1
-27.703428,-0.12598118,1
-12.747571,-34.291744,1
-0.5686809,34.17913,3
55.063477,-8.675065,3
-19.44224,18.791376,1
-5.298328,23.68618,1
-51.682125,2.776464,1
-5.474381,-56.660854,1
-19.777716,49.500523,1
42.820576,25.866848,3
29.204744,9.691563,1
25.10515,-4.2699676,3
-7.8511057,-12.8323765,1
-23.232376,-27.45313,1
4.0542784,40.9645,3
50.14569,-7.8256774,2
-19.57791,8.724203,1
-9.9577465,28.39313,1
-49.99902,-4.3957534,1
-8.39781,-42.83933,1
-15.315239,40.29207,1
46.55546,11.957674,2
25.83253,6.31455,3
-27.36343,-8.632475,1
-5.9804206,-22.407103,3
-21.681746,-19.093073,1
21.12535,-22.773102,3
33.294525,36.81607,3
7.290072,-18.11149,3
19.691713,-14.77252,3
-3.2533126,-12.66353,1
-41.666164,-15.633669,0
0.71335286,62.65139,3
37.60207,-9.7916355,3
-9.774939,7.44615,1
3.960191,4.0286903,1
-31.832748,8.628113,1
-15.108091,-40.0911,1
26.990845,-26.59995,3
34.565327,35.598618,3
5.1132226,-23.079863,3
19.22015,-16.042072,3
-2.703063,-9.582164,1
-48.796944,-17.366293,0
-35.280888,42.519157,1
34.692432,4.0702076,3
34.817314,16.045568,3
22.017899,6.1193604,3
-25.259178,-12.978089,1
-20.176975,-35.34883,1
-29.404726,44.410904,1
44.133583,22.964512,3
31.71793,12.774052,3
13.189292,-8.424496,3
-15.148722,-20.75221,1
-27.710459,-30.804153,1
14.639271,-40.382374,3
17.473076,27.01322,3
16.563597,21.66214,1
13.049225,0.6849095,3
-14.378489,-4.0793614,1
-43.423996,-31.170752,0
1.2650048,46.98015,3
50.728622,-15.77452,3
-23.48331,25.924078,1
5.97582,8.091044,3
-45.257763,9.783987,1
-3.72859,-49.550335,1
-12.060121,46.5254,1
49.47555,10.494918,2
28.20703,-14.520566,3
-20.985529,33.06757,1
-18.487785,-38.03853,1
-11.350962,-27.6247,1
-28.68653,36.037777,1
49.212784,15.601349,3
24.94641,17.263014,3
30.162626,-3.0684865,3
-13.575695,-12.615929,1
-20.031576,-29.768229,1
6.580858,40.109417,3
39.305534,-12.155065,3
-12.726272,2.134316,1
-3.8551981,14.480465,1
-36.023605,19.464087,1
-17.563648,-45.839355,1
25.911655,-36.735992,3
23.404146,30.056381,1
1.1076663,0.46698046,1
12.162084,-28.87886,3
0.489102,-15.129663,1
-45.62057,-28.217924,0
16.654375,-35.395615,3
17.727169,29.864176,1
16.832367,16.380482,1
11.257564,3.121502,3
-12.400756,-6.0447135,1
-45.02851,-32.00057,0
20.599958,-17.4469,3
25.918652,40.947853,1
4.2843885,-29.91736,3
13.963216,-15.120966,3
-7.486639,-9.031282,1
-40.22644,-18.694626,0
-14.303467,36.00015,1
41.384563,1.8825586,3
9.310222,-9.07538,3
-1.0560576,13.505234,1
-35.47384,13.912775,1
-22.363813,-43.03974,1
16.371227,-41.102276,3
16.500095,26.499193,3
15.85267,21.971376,1
13.048395,1.6177762,3
-14.543569,-5.2467585,1
-42.36133,-31.116516,0
-24.776003,45.10084,1
41.655636,19.95189,3
31.55039,11.875038,3
22.831835,-8.868015,3
-5.9085674,1.2384336,1
-27.297058,-32.50786,1
-1.358172,54.39431,3
52.33307,-7.2732224,3
-6.7860904,5.454969,1
-3.7599375,24.593805,1
-43.500828,5.761513,1
2.2821507,-50.1751,1
7.20824,29.39362,3
46.91281,-10.626877,2
-0.5429342,6.391484,1
-0.5332942,24.639118,1
-50.204086,14.553597,1
-4.5218663,-47.596252,1
20.682652,-28.604475,3
34.20031,36.838287,3
7.85388,-18.677534,3
19.2198,-13.810053,3
-4.6166773,-12.231158,1
-41.821266,-16.231417,0
-27.343866,45.95396,1
49.16154,21.874313,3
28.732489,19.036411,3
26.791592,-2.9425743,3
-11.277079,-9.291822,1
-29.801302,-33.69713,1
14.891868,48.072235,3
48.81337,-15.494142,3
-31.940536,29.263096,1
-9.013221,16.884916,1
-51.43554,5.3708415,1
-6.1246867,-45.339325,1
-0.7002579,51.886356,3
46.802597,-17.076231,3
-20.557364,6.5770416,1
-0.24176973,29.819992,3
-39.74933,6.697056,1
-3.9416716,-44.448193,1
-2.514023,35.78953,3
56.34738,-17.9872,2
-20.051441,19.051981,1
-4.8868904,23.200266,1
-50.808266,2.710369,1
-1.8646368,-52.769947,1
-10.68167,41.452114,3
44.12207,-0.97971666,3
-10.861143,3.5216417,1
-3.9343321,11.950146,1
-36.41736,16.249132,1
-19.10642,-43.335243,1
-2.467318,45.02503,3
38.089954,-24.847595,2
-17.261372,9.77139,1
1.5804219,26.852255,1
-37.080338,1.0052079,1
-15.106446,-47.953094,1
26.074049,-21.984142,3
29.69021,30.790085,3
7.271149,-33.186424,3
10.756396,-13.549778,3
-2.5642097,-18.794706,1
-47.83547,-24.042715,0
16.94972,-38.223152,3
20.943884,27.002087,1
19.130121,19.546947,1
14.743126,13.881136,3
-11.306867,-3.3307216,1
-43.182346,-29.328,0
-10.295907,48.848553,1
39.666767,4.3277946,3
29.055447,-8.034261,3
-7.6107802,19.165674,1
-30.56288,4.7998166,1
-9.479984,-32.802338,1
6.5746317,31.556284,3
43.951817,-23.927486,2
-17.55215,19.326698,1
-3.2654452,31.150934,3
-41.599106,0.49373084,1
-5.65802,-55.882587,1
12.298214,36.66242,1
51.016285,10.982066,2
29.401497,-14.755817,3
-5.2318034,19.583845,1
-27.78076,8.45796,1
-10.875948,-31.473385,1
-26.891659,40.210526,1
40.577972,20.111534,3
33.70894,8.9477415,3
17.129765,-5.539915,3
-20.14838,-9.548803,1
-21.415037,-32.756073,1
-28.595911,40.845924,1
45.937057,18.989248,3
28.835157,7.17302,3
19.306843,-4.499055,3
-18.142136,-14.673602,1
-22.528788,-33.15053,1
-22.430788,46.198383,1
39.395954,14.316698,3
30.719038,19.369648,3
21.640577,-8.69663,3
-3.7996933,0.44258848,1
-28.91982,-23.671812,1
18.024563,-26.969858,3
25.764017,42.254738,1
6.106501,-27.703608,3
11.819116,-19.868246,3
-3.4107103,-3.971519,1
-44.963303,-18.479916,0
-8.779645,55.218178,1
38.546158,7.3304377,3
31.482412,-8.52093,3
-3.0539865,18.396452,1
-26.171247,6.5351667,1
-6.3971276,-31.32201,1
6.919594,19.753857,3
49.019684,-25.233131,3
-16.943565,23.026928,1
-5.7531924,10.232651,1
-53.87553,10.020879,1
-8.603693,-61.180336,1
-1.999285,44.061604,3
44.111862,-9.08752,2
-14.878114,10.277581,1
2.9136407,27.521559,1
-33.064255,1.3274813,1
-15.857194,-49.808823,1
24.420015,-33.500736,3
24.168491,39.69516,1
3.5559642,-21.262976,3
14.19972,-12.918593,3
-6.330666,-8.03314,1
-43.375885,-19.26676,0
17.663443,-25.511948,3
31.697327,37.503223,3
6.098547,-25.1042,3
12.842471,-19.613897,3
-1.9766939,-6.448187,1
-42.633724,-17.511667,0
-22.645374,49.953068,1
37.645126,19.122555,3
30.12242,14.133089,3
17.949312,-2.0722265,3
-16.87757,-15.34265,1
-22.978214,-31.16388,1
-27.213175,40.65239,1
42.17998,17.094793,3
30.303953,9.250445,3
16.786201,-3.5550992,3
-20.238419,-10.4934635,1
-21.615454,-33.61633,1
21.44256,-18.835646,3
28.497618,40.28906,3
3.5869503,-30.177095,3
18.417898,-12.1594715,3
-4.6138554,-10.133633,1
-42.293766,-19.758928,0
19.432083,-36.18071,3
19.524088,30.759281,1
14.417996,16.588669,1
11.782236,-11.037683,3
1.480665,-13.233133,1
-41.295975,-28.238512,0
-13.670225,43.92437,1
48.090466,8.694013,2
26.951328,-16.88663,3
-23.216032,34.80586,1
-19.96336,-38.345497,1
-12.868727,-28.99215,1
-24.259514,54.29242,1
37.358044,20.892952,3
26.001003,14.271329,3
26.408857,-6.8929048,3
-12.004047,-19.717356,1
-29.17492,-28.223742,1
-10.656131,42.50164,3
43.1499,-1.6620088,2
-11.810358,2.2260618,1
-4.403045,13.385498,1
-37.05868,17.702063,1
-17.934334,-44.428192,1
4.645712,46.894024,3
56.05466,-6.569332,3
-17.84998,21.529518,1
-2.0809999,29.337973,3
-41.14678,-0.07342459,1
-4.6817126,-59.002384,1
-0.4300607,36.38118,3
47.45843,-5.4074817,3
-23.461475,3.8537173,1
-6.833969,27.060066,1
-48.077736,2.5746672,1
-0.12869063,-40.18923,1
19.227932,-32.540897,3
29.957779,35.073895,1
9.227049,-15.067397,3
10.89285,-27.493217,3
0.57817113,-7.708417,1
-44.872612,-15.411653,0
17.607792,-30.513702,3
26.354073,42.45587,1
6.0210896,-26.26461,3
17.515903,-15.655588,3
-2.115681,-10.2050705,1
-43.38143,-18.811905,0
-21.066235,48.405685,1
41.842934,26.324217,2
34.11424,11.014284,1
26.599375,-4.0499434,3
-6.4492598,-13.41189,1
-23.67366,-35.1783,1
-17.286825,38.49424,1
51.529755,15.644027,3
25.492804,18.957352,1
29.957102,-4.047967,3
-13.453181,-13.595507,1
-19.22413,-26.763523,1
-32.313774,36.037987,1
45.460167,14.17508,2
32.715828,16.976925,3
25.771086,-11.895924,3
-18.20427,-31.565994,1
-16.296623,-24.98673,1
-9.543484,44.37636,3
47.809532,-4.0584054,3
-27.74273,18.578217,1
-7.885119,28.942234,1
-46.43985,-3.0895424,1
1.0245864,-43.984566,1
1.7763647,50.224743,3
49.274002,-19.341265,3
-36.296776,25.674343,1
-0.24690135,28.842833,3
-38.743633,6.8565745,1
-1.4228443,-49.68206,1
10.972215,55.143433,3
35.615948,-13.753551,3
-12.623272,11.138727,1
1.770472,24.027302,1
-32.98071,6.282662,1
-11.881453,-38.783657,1
-25.871447,43.490776,1
48.175957,15.89382,3
24.473637,16.755548,3
29.668123,-2.1347733,3
-12.401202,-10.989183,1
-29.119577,-36.151596,1
-4.408706,53.73544,3
47.151886,-6.3392277,3
-21.116388,2.4747818,1
-3.8643653,28.290884,3
-45.02997,4.173042,1
0.65256,-40.509674,1
15.591387,-9.659817,3
32.353367,41.479687,1
9.028609,-29.429844,3
18.129988,-22.4403,3
1.0545703,-18.557077,1
-49.9996,-20.325489,0
4.3025365,51.388206,3
48.257095,-26.605185,3
-18.068876,23.280983,1
-5.1522117,7.0129747,1
-52.969784,11.272741,1
-9.695184,-60.92505,1
-15.672033,50.9225,1
40.33932,13.381217,3
30.938278,20.277153,3
21.62228,-7.484162,3
-3.9150996,-0.56095845,1
-29.49967,-22.20281,1
24.612976,-20.05349,3
33.895557,39.930515,1
8.514977,-31.204966,3
17.968338,-21.434546,3
2.1306741,-17.399231,1
-50.095005,-21.715246,0
-5.4952927,45.692574,3
41.633198,-17.729551,3
-22.52229,15.9927,1
-10.488352,25.12232,1
-45.699356,-4.9387302,1
-9.812677,-49.388348,1
-26.632751,39.20712,1
37.344364,24.835754,3
32.479923,9.683737,3
24.290241,0.3257719,3
-10.217641,-14.827187,1
-33.367115,-33.66841,0
-2.7899518,41.31828,3
39.48823,-26.261286,2
-15.919992,8.942943,1
1.848955,27.844608,1
-35.171146,1.6384004,1
-16.16218,-48.65476,1
7.7908025,31.62019,3
43.7344,-18.858112,3
-22.757984,10.893721,1
-6.5193763,24.429768,1
-46.42886,7.966612,1
-3.4037564,-39.070225,1
4.322602,50.433273,3
44.99315,-18.405506,3
-19.778437,11.02108,1
2.0241694,30.976112,1
-40.39863,9.165771,1
-3.8938477,-42.443592,1
-4.2248535,48.25742,3
55.589725,-18.11761,3
-24.72439,28.756111,1
-6.582491,29.278027,1
-44.90705,-1.0702038,1
-3.2595406,-58.802395,1
-2.4057367,37.496292,3
49.00452,-1.6558212,2
-27.03044,24.009726,1
-6.443922,21.468212,1
-49.43385,2.644316,1
0.39411557,-46.577232,1
26.638103,-34.634857,3
27.622711,36.621197,1
8.890357,-25.92562,3
11.019956,-18.288261,3
-4.000608,-4.95777,1
-41.92757,-18.872208,0
6.9910207,15.67835,3
46.355675,-13.102955,3
-20.519062,5.6769924,1
-4.1595025,33.031116,1
-43.587376,1.7845993,1
-2.3108263,-40.937824,1
-28.446148,36.51602,1
49.914207,15.260533,3
25.148884,18.181538,3
30.538174,-3.0539904,3
-13.135018,-12.347353,1
-20.012255,-28.625477,1
14.688441,-33.933132,3
19.552353,28.910328,1
15.873601,17.219156,1
7.3879843,-13.613267,3
-37.91478,-8.032867,0
-37.665718,-30.492743,0
-6.9194984,47.182724,3
43.657833,-16.22914,2
-24.657345,16.06829,1
-11.532895,26.103764,1
-44.66936,-4.698854,1
-8.046001,-45.53204,1
15.310696,-39.53333,3
17.407999,25.727083,3
16.925245,22.387188,1
14.11574,0.21017098,3
-15.737227,-4.513199,1
-43.523445,-31.004139,0
5.7174172,46.715992,3
46.016922,-22.892256,3
-18.034657,19.983875,1
-2.3243356,30.730095,3
-40.685562,1.225163,1
-4.05522,-57.132107,1
20.56857,-32.052685,3
25.249405,40.169224,1
3.0662358,-29.35099,3
11.683912,-20.70332,3
-1.0851301,-5.313939,1
-48.700863,-18.403885,0
22.883766,-32.767174,3
30.742369,39.324356,3
2.3714254,-28.64918,3
14.0228195,-21.737812,3
-1.3170353,-4.5580816,1
-48.370712,-19.389599,0
-7.864232,39.48015,1
54.24495,-19.651335,3
-21.03162,20.856184,1
-2.6144311,27.653635,1
-46.70623,3.455975,1
-1.2590264,-54.897552,1
17.382763,-27.703798,3
28.739475,34.002407,1
7.80937,-27.505146,3
12.617595,-18.693228,3
-5.056723,-5.083498,1
-45.02739,-16.324493,0
-21.856369,41.735386,1
48.962997,19.39888,3
27.530762,13.7032585,3
21.387684,-1.1369046,3
-15.577765,-12.52559,1
-24.801023,-31.766998,1
1.4372122,56.84208,3
51.02888,-25.056087,3
-13.6394615,18.985556,1
-12.92622,23.960005,1
-51.885765,-0.3881978,1
-9.447352,-60.259678,1
-25.412678,50.21348,1
35.79961,1.9211315,3
36.209614,13.637464,3
26.072275,-8.189348,3
-27.958876,-12.65314,1
-16.51282,-34.544685,1
-3.3502176,36.228195,3
48.033573,-19.402134,3
-20.913984,19.668734,1
-5.554603,22.189829,1
-49.591496,3.3383486,1
1.5863289,-47.769196,1
7.0574064,22.455727,3
37.00072,-10.052551,3
-9.490527,8.752193,1
4.3387127,3.3216252,3
-31.47699,9.60851,1
-14.330176,-40.064445,1
9.302895,22.992695,1
37.441505,-11.235142,2
-11.474168,8.04826,1
0.20134538,20.39338,3
-33.90551,10.132828,1
-12.077784,-41.490562,1
-3.0000644,56.62313,1
43.092327,-23.250038,2
-17.761213,15.578852,1
-2.6850922,29.974754,3
-40.100777,0.49943537,1
-9.288367,-55.80827,1
20.113485,-19.293377,3
24.316647,35.068394,1
0.2551106,-29.976648,3
14.397142,-16.083548,3
-6.8639393,-8.832679,1
-42.418854,-22.779572,0
11.637178,44.740986,3
54.117783,-2.8368719,2
-17.188025,20.690113,1
-5.4345717,9.400598,1
-54.881207,7.446719,1
-7.8112473,-50.612152,1
-22.5865,45.539093,1
39.202667,12.229121,3
32.401886,20.223011,3
22.720144,-9.880922,3
-4.779013,1.843976,1
-25.94122,-36.552326,1
26.585842,-27.604969,3
30.854702,41.24089,3
3.16902,-28.518415,3
9.821133,-16.862997,3
-0.3094472,-7.752589,1
-48.143658,-20.203392,0
-27.768267,43.46532,1
38.88746,19.74804,3
30.957973,15.105818,3
17.498135,-2.0402439,3
-17.372875,-16.090425,1
-22.060894,-30.948294,1
6.360149,44.499832,3
55.61256,-17.53127,2
-19.465263,20.218908,1
-7.7183204,14.699758,1
-57.7329,4.4446816,1
-5.147442,-59.99479,1
4.960229,53.05634,3
47.52618,-24.512402,3
-20.964382,16.19418,1
-8.799155,30.188358,1
-42.947815,-2.6809595,1
-0.571855,-58.238552,1
20.297806,-39.29461,3
19.5815,23.625456,1
18.725874,17.769075,1
16.786102,14.060672,3
-36.043404,-9.4732065,0
-37.993904,-32.872295,0
1.4835889,34.837135,3
46.21866,-15.36573,3
-32.25872,27.33541,1
-8.068049,22.070833,1
-49.505787,4.2553906,1
-4.844582,-45.600506,1
-11.254785,38.368694,3
45.051254,1.2363735,3
7.9230847,-8.189745,3
-13.993637,27.480425,1
-29.248846,13.5047245,1
-21.488375,-45.68787,1
-31.346287,47.43783,1
47.459576,20.112324,3
29.340065,16.18649,3
25.985842,-0.8898987,3
-15.046688,-10.100437,1
-28.994944,-32.792336,1
19.926378,-39.77352,3
20.89531,25.069042,1
17.71758,20.350878,1
16.6756,9.18751,3
-12.281273,-1.7332826,1
-40.717815,-30.556376,0
-27.87091,47.391045,1
37.613068,22.10685,3
34.87626,17.084623,3
12.144651,-6.9634924,3
-12.254288,-21.777233,1
-30.96213,-28.439283,1
28.575787,-30.461813,3
31.630568,34.28457,1
6.883041,-25.968855,3
13.829077,-13.341542,3
-7.021912,-7.4577694,1
-39.381992,-16.567707,0
-0.064813964,9.490885,3
52.53501,-4.4816055,2
-21.562887,29.440006,1
-2.4451303,32.535133,3
-40.289593,2.9756129,1
-3.8806834,-50.931793,1
13.084692,-34.860493,3
16.749613,29.277874,1
14.457604,19.460455,1
13.9018545,3.424759,3
-17.654722,-6.2616906,1
-43.03364,-34.18393,0
24.01683,-23.447035,3
32.29418,39.12807,1
5.2892065,-24.620491,3
15.12268,-22.876892,3
-1.2612376,-7.246479,1
-41.94601,-17.074999,0
16.23612,40.20092,3
40.258453,-22.291733,2
-17.044205,25.877321,1
2.999838,8.838456,1
-48.108303,11.525705,1
-11.638288,-48.316795,1
-9.594488,51.753445,1
42.014107,7.637633,3
32.04498,-11.098941,3
0.23309457,18.09652,1
-26.555872,1.4397781,1
-27.173548,-39.3347,1
21.715548,-28.07865,3
23.622726,41.727104,1
5.2650943,-20.652426,3
15.221213,-14.487163,3
-5.2701077,-10.242904,1
-44.82192,-19.765816,0
-4.2018557,49.758434,3
56.590782,-8.791554,3
-16.753141,16.108627,1
-6.563902,30.503094,1
-47.273926,-3.2558982,1
-4.2782288,-55.207108,1
2.724574,12.175823,3
56.35617,-15.920229,3
-29.469397,29.661377,1
8.2423935,11.638507,3
-42.642258,11.679528,1
-2.8575346,-47.035576,1
21.989979,-21.745863,3
31.858788,37.39721,3
6.117188,-19.28993,3
17.31753,-12.8831215,3
-7.9777694,-8.530951,1
-41.003883,-16.29457,0
13.099704,-36.00338,3
16.763468,29.50484,1
14.489087,18.70684,1
13.574746,3.0016224,3
-17.579062,-6.709856,1
-41.776913,-33.905693,0
24.64432,-37.777096,3
23.998917,28.754816,1
1.1699481,2.381672,1
13.9480505,-27.924623,3
-0.7495999,-17.755747,1
-47.255238,-28.008053,0
-19.00869,41.40469,1
41.815975,11.742835,3
26.575665,11.087602,3
22.63967,-2.5172234,3
-7.552832,-16.501532,1
-25.155773,-24.5849,1
-5.6856565,42.431126,3
55.497826,-5.7348294,3
-19.49805,25.580671,1
-10.170881,14.88316,1
-50.013126,-0.7482605,1
-5.2969866,-57.69143,1
9.378156,45.757664,3
48.773594,-7.1319013,2
-20.79066,-0.12139279,1
-10.732079,28.859346,1
-52.301334,-3.3863823,1
-5.28426,-40.403797,1
16.985477,-29.45816,3
32.68275,38.49627,3
6.122919,-29.467548,3
12.198024,-18.41082,3
-0.147689,-6.8446555,1
-44.14662,-16.48623,0
29.008846,-27.59509,3
28.577919,32.824028,1
1.0448717,-31.94689,3
11.614036,-22.546894,3
-3.5437472,-19.932817,1
-46.613937,-23.961185,0
-1.2553883,49.33576,3
55.537685,-7.7085156,3
-15.782707,15.348538,1
-4.497299,30.13317,1
-43.361546,-1.0938524,1
-3.319282,-57.075035,1
5.599277,45.50211,3
46.925835,-19.795998,3
-19.894838,21.508722,1
-6.809201,15.273842,1
-50.263454,7.139612,1
-0.35422042,-48.468075,1
8.174515,29.45545,3
44.897392,-14.533249,3
-31.49897,26.60439,1
-14.373911,21.156961,1
-47.926083,4.324165,1
-5.658838,-44.41174,1
2.046455,49.271877,3
51.308678,-17.4386,3
-23.478643,19.821144,1
4.841068,9.436977,3
-45.288315,11.9312315,1
-2.888127,-50.957493,1
-6.815755,44.497387,3
42.566727,-18.067001,3
-23.592054,16.244867,1
-11.209891,25.575981,1
-46.024624,-6.138773,1
-7.227706,-47.36085,1
3.7941644,48.74072,3
44.34188,-27.071562,3
-21.862892,17.365873,1
0.4761874,6.509398,3
-47.07699,14.488115,1
-6.043529,-52.182964,1
-2.9573767,36.91748,3
50.113102,-2.1309605,3
-22.653337,22.499903,1
-6.149677,22.429043,1
-50.01599,1.7192085,1
0.48522148,-47.399166,1
20.736843,-40.60864,3
21.956987,25.799147,1
20.16555,21.67739,1
14.733232,9.388661,3
-2.2658494,-25.332312,3
-39.95001,-29.419014,0
23.81648,-28.966803,3
26.607275,36.728737,1
6.87806,-22.62104,3
15.893469,-12.713875,3
-7.6150837,-6.4919376,1
-38.749588,-20.654097,0
10.567118,24.124735,3
37.674046,-12.39678,3
-12.069972,8.374702,1
0.17584178,21.017092,1
-34.27085,10.686129,1
-11.643356,-42.216156,1
-21.820404,50.005566,1
38.5687,17.923988,3
29.653372,13.978093,3
18.450632,-2.0848134,3
-16.965965,-14.515312,1
-26.523653,-30.657764,1
12.130671,41.312576,3
48.07194,-1.7221155,2
-28.296497,24.917257,1
-8.243086,16.370018,1
-52.226826,5.2557116,1
-0.7262853,-47.18511,1
8.8522215,48.710995,3
49.237366,-8.137585,2
-20.711042,-0.28341895,1
-10.508338,28.806345,1
-51.69525,-4.207679,1
-6.8351603,-41.281475,1
-3.1952922,5.437509,1
43.208942,2.5161877,3
19.442188,8.195248,3
-1.2595356,12.198672,1
-36.500366,14.148316,1
-17.897118,-41.752884,1
-7.993513,46.51696,3
46.230145,-5.254862,3
-27.28441,16.95021,1
-7.253354,29.37693,1
-45.377113,-2.9900713,1
0.104976,-41.60486,1
-11.725329,54.911613,1
39.333652,10.901886,3
29.224659,-10.714755,3
-1.718787,16.554367,1
-31.67932,16.572784,1
-12.625511,-35.10961,1
19.447252,-28.484303,3
34.668686,37.2545,3
7.138121,-19.071335,3
18.854095,-13.985242,3
-8.016896,-5.8195662,1
-42.617912,-16.329884,0
-18.910583,46.491413,1
42.485054,14.078184,3
27.645493,10.667456,3
23.597862,-3.3352876,3
-8.047881,-19.39639,1
-25.164295,-25.319561,1
5.7937093,44.02613,3
54.133728,-6.352579,3
-17.59505,18.267172,1
-7.006513,14.218646,1
-52.036034,8.32275,1
-6.146927,-58.900597,1
11.614759,49.691082,3
48.772705,-5.2679305,2
-20.56544,0.5021631,1
-2.2389724,9.327649,1
-55.74674,12.210503,1
-3.1092732,-40.13787,1
-21.439217,37.87923,1
51.147495,20.18761,3
31.288067,24.340092,1
18.004025,-6.897769,3
-12.611759,-17.078306,1
-21.320248,-24.611502,1
23.68127,-18.667643,3
35.06336,39.402084,3
7.381804,-30.869415,3
18.665422,-20.743662,3
2.3020859,-16.619213,1
-50.341103,-22.380789,0
11.406736,46.557682,3
53.689796,-0.8427911,2
-17.872194,2.2893987,1
-4.5068793,9.609755,1
-55.47739,8.719445,1
-7.2388144,-49.128906,1
-31.878487,40.09217,1
52.328224,8.415474,3
32.705708,14.213616,3
24.365253,-15.003691,3
-18.901726,-33.408745,1
-15.3860035,-28.655655,1
20.699684,-24.736507,3
24.992477,42.282883,1
5.37862,-20.561533,3
15.036252,-14.652743,3
-5.4555798,-11.167877,1
-44.958977,-19.17702,0
-30.392475,43.777744,1
41.82556,23.086597,3
32.296753,6.1886034,3
20.424267,4.973033,3
-15.458222,-19.491781,1
-25.941793,-35.211727,1
12.475968,31.873726,3
51.286636,18.91625,3
28.257812,22.165821,3
-23.650976,-10.769577,3
-11.747354,-17.569403,1
-18.483704,-23.783567,1
-21.62889,44.439754,1
42.622215,18.027254,3
22.342909,13.715339,3
19.680733,-7.995433,3
-7.3614244,-0.44221097,1
-25.586771,-28.17831,1
7.255045,36.69582,3
42.83697,-7.142569,3
-12.662326,6.083205,1
-12.236124,31.089186,1
-35.161324,9.703466,1
-12.734797,-43.88258,1
-27.622263,39.178864,1
39.633453,25.586218,3
32.79474,7.7931433,3
23.30994,1.7050467,3
-11.85319,-15.008846,1
-34.6806,-29.721302,0
0.09484955,40.202305,3
43.151432,-12.711958,2
-18.23529,6.308723,1
5.021387,24.358425,1
-33.010586,-2.9810214,1
-13.976735,-45.691624,1
8.829541,2.793564,3
39.9945,-6.6783605,2
-15.0492325,4.7423487,1
-15.190003,31.811552,1
-29.83834,-3.731043,1
-16.05669,-44.375343,1
22.818495,-37.167305,3
20.545221,29.235878,1
13.600085,10.039942,1
12.073086,-25.346642,3
-2.942783,-15.260753,1
-40.239765,-26.400412,0
-3.0714242,39.19133,3
49.260643,-3.0678046,3
-27.941069,23.465067,1
-11.464064,16.533686,1
-49.133324,-1.495803,1
0.3865394,-47.800953,1
-3.861792,44.62767,3
39.37496,-17.71334,3
-17.415316,11.333243,1
-8.263815,34.31846,1
-36.04362,2.234229,1
-14.216569,-46.977905,1
17.939226,-42.732082,3
16.340506,26.501955,1
15.919327,22.103134,1
13.496955,-0.14967337,3
-15.581702,-5.5962873,1
-41.887493,-31.161957,0
25.920427,-27.345678,3
24.157623,43.61927,1
2.7496543,-32.997746,3
11.266888,-23.675209,3
-2.3372583,-20.629185,1
-45.854553,-24.151041,0
-21.495565,55.22042,1
35.8721,20.759838,3
30.083454,11.582044,3
12.325042,-5.304603,3
-12.796245,-20.151308,1
-22.72266,-29.642412,1
-27.5667,50.29828,1
36.931164,0.26002103,3
36.40305,14.282278,3
27.072813,-10.044828,3
-26.83999,-12.138038,1
-17.480843,-35.01924,1
-26.859735,41.45916,1
41.702454,16.053457,3
29.872547,8.40103,3
15.52507,-3.4141686,3
-19.871262,-14.112248,1
-22.12162,-35.152824,1
-8.198565,43.119423,3
48.5733,-20.669695,2
-28.634182,20.487787,1
-9.357695,28.95998,1
-47.41056,-0.61667025,1
-1.1177034,-51.684288,1
21.982975,-24.430206,3
25.207914,43.794952,1
3.5788844,-24.546757,3
17.193203,-14.62149,3
-1.303503,-10.325984,1
-47.454742,-20.82275,0
-6.926794,45.964157,3
44.039223,-17.10745,3
-24.31005,16.152706,1
-12.048496,25.739159,1
-45.056534,-6.184352,1
-6.5425873,-47.218353,1
20.113361,-23.78047,3
29.412006,40.4402,3
4.9570203,-21.332556,3
17.462555,-17.181517,3
-4.9405937,-7.6628857,1
-44.187023,-20.317137,0
-19.150885,40.808563,1
42.631287,11.968721,3
27.467525,11.518107,3
22.393469,-4.8206315,3
-7.1549606,-18.55655,1
-25.133947,-24.318668,1
13.16348,34.450867,3
48.972637,11.790699,2
28.836485,-13.220908,3
-21.161922,32.164696,1
-18.285963,-37.01961,1
-10.397141,-26.825117,1
4.6777444,14.243574,3
55.50513,-16.893566,3
-25.691143,19.361914,1
-9.598616,32.642365,1
-42.54017,7.0374594,1
0.9820544,-44.864555,1
2.1380818,54.198696,3
45.042957,-20.414263,2
-18.043945,29.061619,1
1.7457093,29.713999,1
-37.99452,5.5214667,1
0.90282863,-55.173462,1
19.32049,-29.663502,3
28.693682,35.26863,1
8.060782,-20.812077,3
15.087057,-12.786321,3
-7.701537,-7.1059833,1
-44.50629,-17.191872,0
7.5150547,16.439283,3
47.276524,-13.4115715,3
-19.9971,4.661292,1
-4.4633455,33.71592,1
-44.379475,2.563053,1
-1.3480773,-41.262768,1
-15.702497,44.97107,1
46.0439,7.301373,2
27.04116,-12.963398,2
-17.919882,34.061127,1
-19.802383,-39.913998,1
-24.59323,-18.72523,1
-7.805644,51.34641,1
39.009373,8.133686,3
30.764574,-7.862388,3
-3.892709,17.888624,1
-26.433315,5.512774,1
-6.320567,-30.645964,1
18.812422,-41.62088,3
22.20103,24.470236,1
20.872723,21.31978,1
13.623699,6.81615,3
-32.855446,-9.946051,0
-38.163647,-33.76221,0
-11.223286,38.24857,1
45.860474,1.1364588,3
8.355167,-8.676444,3
-14.141267,28.445435,1
-29.625896,13.561469,1
-21.398705,-45.646587,1
7.8347154,58.280754,3
41.756104,-19.69584,3
-20.801874,23.65912,1
1.1083686,11.249791,1
-50.178326,11.0949335,1
-11.2499075,-46.783806,1
17.08582,-42.596485,3
15.405972,26.98557,1
15.529479,20.991837,1
12.338744,2.1032786,3
-14.334338,-6.336838,1
-42.281242,-32.24652,0
2.7676413,46.65215,3
51.00746,-16.68932,3
-24.022985,24.817167,1
5.7240615,9.396546,3
-44.506084,10.429405,1
-2.358982,-50.638657,1
8.172798,4.005699,3
40.17238,-7.318556,2
-14.574543,5.4529243,1
-14.629664,31.34619,1
-30.130913,-2.9007096,1
-15.846376,-43.83584,1
11.0908575,37.59597,3
51.58851,12.290536,2
30.745955,2.0988653,3
-5.982588,18.461287,1
-29.887817,5.6009045,1
-10.143136,-32.322372,1
-6.3953075,41.524525,3
46.514996,-24.705038,2
-21.24353,22.01067,1
-2.4096558,27.282179,3
-46.894333,2.046903,1
-2.297867,-55.956257,1
25.897423,-26.66094,3
33.842937,38.900723,3
4.317187,-23.744928,3
18.60883,-15.431285,3
-2.5966866,-9.628654,1
-47.89166,-17.995205,0
22.566742,-22.601147,3
33.323223,35.787334,3
7.8989305,-25.199074,3
12.809879,-17.140926,3
-6.2477484,-4.644206,1
-43.452408,-16.05761,0
10.855156,47.46037,3
49.772953,-5.2841372,2
-19.360245,1.1220883,1
-2.911201,9.364384,1
-55.839172,6.1928854,1
-3.0256977,-42.502857,1
8.218593,30.259647,3
44.224644,-20.150146,3
-17.933973,12.971339,1
1.2542973,32.001358,1
-41.954445,10.914526,1
-6.243029,-54.219803,1
13.70881,44.18606,3
56.69856,-16.794859,2
-23.725283,22.194288,1
-1.0498681,31.432644,3
-40.996117,2.549746,1
-2.2045872,-48.10425,1
19.455503,-38.133595,3
20.18798,24.328375,1
18.515821,20.858732,1
16.068428,11.738803,3
-11.770524,-1.4296682,1
-41.405487,-32.399403,0
22.899517,-25.01951,3
25.412712,42.290882,1
4.1041903,-25.438332,3
14.169141,-22.695417,3
-2.8824143,-4.8050923,1
-44.67609,-19.34982,0
9.476336,29.5579,3
45.753807,-14.288044,3
-22.566626,7.0504913,1
-15.187548,21.38168,1
-46.837532,4.767639,1
-5.609126,-44.12519,1
17.707426,-38.500458,3
22.010782,26.887583,1
19.432266,20.24039,1
15.209389,5.3252344,3
-10.06082,-2.8821723,1
-45.042522,-30.06576,0
-6.3618526,36.787872,3
51.563293,-5.1408815,3
-28.446173,27.858246,1
8.61868,10.810859,3
-44.158543,12.323705,1
-5.202449,-50.068905,1
-27.841053,41.606106,1
45.146446,18.756582,3
31.267399,15.728631,3
17.883663,-3.0026953,3
4.1569114,-6.326757,1
-22.50578,-32.29194,1
0.54725456,36.623276,3
48.19722,-2.873692,3
-32.211197,25.838585,1
-12.44521,16.840513,1
-48.334034,-0.28807932,1
-0.4742993,-44.604794,1
-2.7555501,42.44545,3
38.276505,-19.338768,3
-15.402134,7.4422407,1
2.0822856,27.85077,1
-33.653057,1.6282378,1
-16.806543,-49.189373,1
5.226435,48.84807,3
54.222298,-5.3717203,3
-24.89672,9.367567,1
9.500283,8.956474,1
-42.335342,13.327885,1
-6.379443,-57.602764,1
7.6406507,34.814594,3
38.83101,-14.898251,3
-12.018307,7.1315303,1
-1.3487616,21.64308,1
-35.17649,10.372817,1
-12.625607,-43.06053,1
14.847005,44.57371,3
49.18098,-17.831554,3
-26.690788,22.1921,1
-1.518669,30.89714,3
-41.691315,3.396214,1
-1.8553048,-45.54667,1
17.118227,-26.239334,3
33.318703,37.16539,3
8.991137,-24.535107,3
13.60086,-19.458464,3
-5.3303995,-3.84781,1
-42.626766,-15.333308,0
-0.5644439,37.504047,1
49.07931,-4.273075,2
-22.375107,5.161329,1
-6.0846524,26.871803,3
-48.38602,1.4242357,1
2.1953413,-44.46475,1
7.1624527,25.783005,3
43.659798,-12.066266,3
4.6691484,19.517485,1
-8.609108,35.509968,1
-35.065975,-3.119231,1
-12.968032,-45.016926,1
-2.804103,44.12148,3
38.430187,-26.139185,2
-16.641008,9.120828,1
1.2357509,28.766594,1
-35.48346,2.4661808,1
-15.268432,-48.81883,1
-3.7499075,49.159573,3
57.008976,-7.5457115,3
-16.711538,17.630888,1
-6.996749,30.157627,1
-47.371174,-2.2972353,1
-4.0440993,-56.27729,1
-0.35674372,57.133614,1
41.42314,-16.984652,3
-14.210173,18.005766,1
-12.632606,23.38072,1
-52.70046,-1.3232472,1
-10.474836,-59.644978,1
-12.017564,39.238396,1
44.874905,0.34901834,3
7.447721,-7.525799,3
-13.771175,27.124178,1
-29.120104,12.910629,1
-22.14025,-45.54783,1
-31.84878,42.84916,1
43.744396,20.498306,3
26.881575,17.277927,3
20.782532,3.533801,3
-16.806625,-18.069029,1
-25.549433,-33.129856,1
-3.653905,39.759106,3
50.62288,-1.3414881,2
-23.082102,24.181776,1
-11.062201,16.085978,3
-49.28065,-2.5382102,1
1.0961291,-48.517567,1
-18.0341,51.000675,1
46.104984,15.998425,3
26.850094,9.714659,3
23.976665,-3.272321,3
-8.373911,-18.126856,1
-24.336454,-25.905169,1
20.373825,-30.301588,3
25.156569,34.996075,1
0.07841135,-25.227667,3
13.99718,-17.321657,3
-5.5851045,-7.1419806,1
-42.477077,-21.954168,0
4.8082623,55.246353,3
47.90361,-8.434097,3
-19.431904,-1.735872,1
-7.3950706,24.145508,1
-46.01706,6.737386,1
-4.435997,-39.89784,1
5.7822824,43.19349,3
54.229862,-7.121402,3
-17.67575,17.056602,1
-5.5229425,13.667596,1
-51.326927,9.177684,1
-6.2908125,-59.103012,1
2.1705654,47.370613,3
45.72297,-3.904487,3
-21.234043,26.864494,1
5.2824903,7.1931467,3
-44.653587,9.003261,1
-2.0531785,-43.572376,1
5.477887,13.91063,3
49.04322,-14.38722,3
-25.252337,21.396446,1
-6.23322,34.04115,1
-45.088783,2.0831926,1
-0.75717163,-45.9914,1
6.3446174,52.873787,3
46.84383,-26.183046,2
-19.991209,15.738695,1
-8.440323,30.202162,1
-44.131046,-2.906276,1
-0.48244715,-57.719856,1
19.28868,-27.014597,3
31.746258,33.34815,3
7.4949923,-24.32149,3
17.93596,-16.314367,3
-3.6211228,-9.443348,1
-40.345146,-15.503077,0
8.795865,17.42859,3
47.312668,-15.633499,3
-19.163282,3.8532145,1
-5.0285687,33.663242,1
-42.906193,2.9262722,1
-2.6762166,-44.0098,1
-31.367645,38.682384,1
44.16717,16.067497,2
33.59454,15.694909,3
24.729574,-12.980624,3
-19.715223,-32.075733,1
-15.506576,-27.484304,1
-15.489855,35.212105,3
41.424694,-12.340519,3
-10.898289,4.4418583,1
-3.1728232,11.868229,1
-35.749092,15.603395,1
-18.279358,-42.446068,1
-30.511372,42.767517,1
44.00315,21.724026,3
30.137028,6.7134132,3
19.7694,4.9301267,3
-17.040089,-19.416332,1
-25.522863,-33.15848,1
-10.460954,51.58146,1
42.189503,4.5171943,3
30.859325,-12.919005,3
-0.7953637,17.036982,1
-28.170185,3.3508418,1
-27.898153,-40.206184,1
-17.253069,44.12521,1
45.288616,9.368905,3
24.624737,9.264028,3
-25.514025,-8.534403,1
-6.6977925,-21.94569,3
-24.607098,-22.33262,1
1.8776673,46.357292,3
50.91761,-15.89216,3
-24.161388,25.712515,1
6.419443,9.227985,3
-45.7451,10.052577,1
-3.365714,-49.724823,1
-17.959217,46.98192,1
46.910732,24.487232,2
24.418076,11.68308,3
21.177296,-3.2596269,3
-4.5847163,-17.50648,1
-27.507086,-23.31419,1
9.378386,27.257954,3
58.575417,-17.515236,2
-25.096832,16.224201,1
-12.683862,26.879501,1
-43.33917,-5.0855913,1
-8.893492,-45.912853,1
-4.504877,43.603252,3
38.91285,-25.404943,2
-17.286158,10.30403,1
-0.58667034,25.508999,1
-35.85758,2.9734883,1
-14.380423,-48.277718,1
5.8038044,51.742977,3
54.38583,-2.0757716,2
-22.906628,21.448748,1
-9.703326,30.983269,1
-43.459866,-2.3686073,1
-0.9927174,-59.304703,1
7.2959104,49.850582,3
43.79788,-24.87149,3
-16.33283,14.087881,1
-5.6548047,30.071941,1
-41.7601,-0.6207071,1
-3.0439444,-54.495533,1
4.8062105,47.3264,3
53.35567,-4.7511435,3
-31.26811,30.324448,1
7.899067,0.31030756,3
-43.44433,13.661283,1
-2.7740836,-52.546,1
-26.161762,47.92707,1
36.710247,22.040886,3
33.28164,12.208805,3
21.99295,-12.295765,3
-10.579764,-20.431381,1
-29.970383,-28.042757,1
8.330773,35.431183,3
37.95732,-14.480968,3
-12.622074,7.5428123,1
-0.23695035,21.570671,1
-34.7329,11.1806755,1
-12.370205,-42.60919,1
10.914084,29.355135,3
50.46654,-6.9964895,2
-25.03053,17.49835,1
-11.373791,26.877447,1
-42.926743,-3.9035215,1
-9.7866125,-45.86083,1
3.9958034,12.193714,3
48.183773,-14.637749,3
-28.39798,29.588192,1
7.569167,11.888575,3
-42.93382,9.421269,1
-2.7212586,-44.940594,1
