window_index,anomaly_score,is_anomaly,threshold_used
0,0.10771647731965261,1,0.09812814107868578
1,0.08928863053779246,0,0.09812814107868578
2,0.08337013057938047,0,0.09812814107868578
3,0.06799928896793572,0,0.09812814107868578
4,0.01483270907050338,0,0.09812814107868578
5,0.02820325769130172,0,0.09812814107868578
6,0.01483270907050338,0,0.09812814107868578
7,0.02820325769130172,0,0.09812814107868578
8,0.01483270907050338,0,0.09812814107868578
9,0.02820325769130172,0,0.09812814107868578
10,0.07855955754404864,0,0.09812814107868578
11,0.07566064600782163,0,0.09812814107868578
12,0.01483270907050338,0,0.09812814107868578
13,0.02820325769130172,0,0.09812814107868578
14,0.088272672275851,0,0.09812814107868578
15,0.06476280347003749,0,0.09812814107868578
16,0.08513230445460651,0,0.09812814107868578
17,0.07338763218264577,0,0.09812814107868578
18,0.07871535920319117,0,0.09812814107868578
19,0.07076136922128484,0,0.09812814107868578
20,0.11311944740712832,1,0.09812814107868578
21,0.1182666004757914,1,0.09812814107868578
22,0.01483270907050338,0,0.09812814107868578
23,0.02820325769130172,0,0.09812814107868578
24,0.07932468534905368,0,0.09812814107868578
25,0.07189699205193123,0,0.09812814107868578
26,0.01483270907050338,0,0.09812814107868578
27,0.02820325769130172,0,0.09812814107868578
28,0.01483270907050338,0,0.09812814107868578
29,0.02820325769130172,0,0.09812814107868578
30,0.01483270907050338,0,0.09812814107868578
31,0.02820325769130172,0,0.09812814107868578
32,0.09296423126917996,0,0.09812814107868578
33,0.09727353264103422,0,0.09812814107868578
34,0.07550971889089131,0,0.09812814107868578
35,0.06637542778965155,0,0.09812814107868578
36,0.07467821879880954,0,0.09812814107868578
37,0.06261613543491673,0,0.09812814107868578
38,0.1214799308683635,1,0.09812814107868578
39,0.11886457199585954,1,0.09812814107868578
40,0.07510342833666028,0,0.09812814107868578
41,0.06838878417690908,0,0.09812814107868578
42,0.07860675059477151,0,0.09812814107868578
43,0.06913982536299201,0,0.09812814107868578
44,0.01483270907050338,0,0.09812814107868578
45,0.02820325769130172,0,0.09812814107868578
46,0.01483270907050338,0,0.09812814107868578
47,0.02820325769130172,0,0.09812814107868578
48,0.09418397727530003,0,0.09812814107868578
49,0.07258630581975833,0,0.09812814107868578
50,0.01483270907050338,0,0.09812814107868578
51,0.02820325769130172,0,0.09812814107868578
52,0.08260078344700683,0,0.09812814107868578
53,0.07455980785668381,0,0.09812814107868578
54,0.11699463992092152,1,0.09812814107868578
55,0.10484275958390554,1,0.09812814107868578
56,0.0914143331111732,0,0.09812814107868578
57,0.0750192510150659,0,0.09812814107868578
58,0.01483270907050338,0,0.09812814107868578
59,0.02820325769130172,0,0.09812814107868578
60,0.08813520975330724,0,0.09812814107868578
61,0.07405893896657123,0,0.09812814107868578
62,0.09448642335844681,0,0.09812814107868578
63,0.07044502629484062,0,0.09812814107868578
64,0.01483270907050338,0,0.09812814107868578
65,0.02820325769130172,0,0.09812814107868578
66,0.01483270907050338,0,0.09812814107868578
67,0.02820325769130172,0,0.09812814107868578
68,0.08321400703374193,0,0.09812814107868578
69,0.07222656628555746,0,0.09812814107868578
70,0.11759820887255723,1,0.09812814107868578
71,0.10731590549251968,1,0.09812814107868578
72,0.01483270907050338,0,0.09812814107868578
73,0.02820325769130172,0,0.09812814107868578
74,0.01483270907050338,0,0.09812814107868578
75,0.02820325769130172,0,0.09812814107868578
76,0.08556250893825235,0,0.09812814107868578
77,0.07621924190823115,0,0.09812814107868578
78,0.08282268322037489,0,0.09812814107868578
79,0.06890032379996158,0,0.09812814107868578
80,0.01483270907050338,0,0.09812814107868578
81,0.02820325769130172,0,0.09812814107868578
82,0.07286838125790296,0,0.09812814107868578
83,0.08109093089842934,0,0.09812814107868578
84,0.07471604019992384,0,0.09812814107868578
85,0.06559336621927547,0,0.09812814107868578
86,0.01483270907050338,0,0.09812814107868578
87,0.02820325769130172,0,0.09812814107868578
88,0.01483270907050338,0,0.09812814107868578
89,0.02820325769130172,0,0.09812814107868578
90,0.11748172604836682,1,0.09812814107868578
91,0.11828975716248558,1,0.09812814107868578
92,0.09025733207402897,0,0.09812814107868578
93,0.06468812651931544,0,0.09812814107868578
94,0.07658274710928425,0,0.09812814107868578
95,0.07642804018109528,0,0.09812814107868578
96,0.01483270907050338,0,0.09812814107868578
97,0.02820325769130172,0,0.09812814107868578
98,0.09812764899753035,0,0.09812814107868578
99,0.09140893198029043,0,0.09812814107868578
100,0.1173636515980998,1,0.09812814107868578
101,0.11644937894501672,1,0.09812814107868578
102,0.08677233609313273,0,0.09812814107868578
103,0.07537450470563445,0,0.09812814107868578
104,0.08260476166974351,0,0.09812814107868578
105,0.09282555314786267,0,0.09812814107868578
106,0.0988719360651924,1,0.09812814107868578
107,0.07384530131540268,0,0.09812814107868578
108,0.11379479343871801,1,0.09812814107868578
109,0.10555451441810526,1,0.09812814107868578
110,0.0747566239318126,0,0.09812814107868578
111,0.06298830048301562,0,0.09812814107868578
112,0.01483270907050338,0,0.09812814107868578
113,0.02820325769130172,0,0.09812814107868578
114,0.10436616216548011,1,0.09812814107868578
115,0.09336408918647254,0,0.09812814107868578
116,0.01483270907050338,0,0.09812814107868578
117,0.02820325769130172,0,0.09812814107868578
118,0.01483270907050338,0,0.09812814107868578
119,0.02820325769130172,0,0.09812814107868578
120,0.11833646101611384,1,0.09812814107868578
121,0.11729267630458728,1,0.09812814107868578
122,0.07812053965596288,0,0.09812814107868578
123,0.06808465342451642,0,0.09812814107868578
124,0.01483270907050338,0,0.09812814107868578
125,0.02820325769130172,0,0.09812814107868578
126,0.01483270907050338,0,0.09812814107868578
127,0.02820325769130172,0,0.09812814107868578
128,0.01483270907050338,0,0.09812814107868578
129,0.02820325769130172,0,0.09812814107868578
130,0.07601793771183163,0,0.09812814107868578
131,0.06463786765732937,0,0.09812814107868578
132,0.01483270907050338,0,0.09812814107868578
133,0.02820325769130172,0,0.09812814107868578
134,0.11897822081856069,1,0.09812814107868578
135,0.10334766045339217,1,0.09812814107868578
136,0.01483270907050338,0,0.09812814107868578
137,0.02820325769130172,0,0.09812814107868578
138,0.01483270907050338,0,0.09812814107868578
139,0.02820325769130172,0,0.09812814107868578
140,0.01483270907050338,0,0.09812814107868578
141,0.02820325769130172,0,0.09812814107868578
142,0.08321400703374193,0,0.09812814107868578
143,0.07222656628555746,0,0.09812814107868578
144,0.01483270907050338,0,0.09812814107868578
145,0.02820325769130172,0,0.09812814107868578
146,0.09935410653298882,1,0.09812814107868578
147,0.09130121692666571,0,0.09812814107868578
148,0.0673437649436327,0,0.09812814107868578
149,0.0700978604565945,0,0.09812814107868578
150,0.07866828557720928,0,0.09812814107868578
151,0.08469413534372605,0,0.09812814107868578
152,0.01483270907050338,0,0.09812814107868578
153,0.02820325769130172,0,0.09812814107868578
154,0.01483270907050338,0,0.09812814107868578
155,0.02820325769130172,0,0.09812814107868578
156,0.01483270907050338,0,0.09812814107868578
157,0.02820325769130172,0,0.09812814107868578
158,0.01483270907050338,0,0.09812814107868578
159,0.02820325769130172,0,0.09812814107868578
160,0.08063329210458958,0,0.09812814107868578
161,0.06937458347402992,0,0.09812814107868578
162,0.01483270907050338,0,0.09812814107868578
163,0.02820325769130172,0,0.09812814107868578
164,0.07550175993840513,0,0.09812814107868578
165,0.06171170780451374,0,0.09812814107868578
166,0.01483270907050338,0,0.09812814107868578
167,0.02820325769130172,0,0.09812814107868578
168,0.07433481480249038,0,0.09812814107868578
169,0.06197167438979112,0,0.09812814107868578
170,0.01483270907050338,0,0.09812814107868578
171,0.02820325769130172,0,0.09812814107868578
172,0.08200195208709793,0,0.09812814107868578
173,0.0670372623213118,0,0.09812814107868578
174,0.08293540065123128,0,0.09812814107868578
175,0.06324544307594393,0,0.09812814107868578
176,0.08935364534974577,0,0.09812814107868578
177,0.0552789137098999,0,0.09812814107868578
178,0.12707714722140695,1,0.09812814107868578
179,0.12301112526193003,1,0.09812814107868578
180,0.07353849282510427,0,0.09812814107868578
181,0.06840502064627707,0,0.09812814107868578
182,0.09554741146238699,0,0.09812814107868578
183,0.085485557024644,0,0.09812814107868578
184,0.10949820192899773,1,0.09812814107868578
185,0.104446319582438,1,0.09812814107868578
186,0.01483270907050338,0,0.09812814107868578
187,0.02820325769130172,0,0.09812814107868578
188,0.09901821814957301,1,0.09812814107868578
189,0.10304310493974989,1,0.09812814107868578
190,0.01483270907050338,0,0.09812814107868578
191,0.02820325769130172,0,0.09812814107868578
192,0.0609570495627173,0,0.09812814107868578
193,0.05209590586356394,0,0.09812814107868578
194,0.0714596738540868,0,0.09812814107868578
195,0.06637494884897832,0,0.09812814107868578
196,0.08835628955965491,0,0.09812814107868578
197,0.07098920628390504,0,0.09812814107868578
198,0.01483270907050338,0,0.09812814107868578
199,0.02820325769130172,0,0.09812814107868578
200,0.01483270907050338,0,0.09812814107868578
201,0.02820325769130172,0,0.09812814107868578
202,0.08386031108722913,0,0.09812814107868578
203,0.06860748192571708,0,0.09812814107868578
204,0.10618181733618304,1,0.09812814107868578
205,0.08712585494018055,0,0.09812814107868578
206,0.06249422563492235,0,0.09812814107868578
207,0.07194833511018728,0,0.09812814107868578
208,0.01483270907050338,0,0.09812814107868578
209,0.02820325769130172,0,0.09812814107868578
210,0.07931790529327576,0,0.09812814107868578
211,0.08509692367259758,0,0.09812814107868578
212,0.08910274126673512,0,0.09812814107868578
213,0.06194851841149418,0,0.09812814107868578
214,0.11561729888177086,1,0.09812814107868578
215,0.11281864141677067,1,0.09812814107868578
216,0.0873492818432452,0,0.09812814107868578
217,0.06472427931413571,0,0.09812814107868578
218,0.01483270907050338,0,0.09812814107868578
219,0.02820325769130172,0,0.09812814107868578
220,0.0826229951971138,0,0.09812814107868578
221,0.07279294503476141,0,0.09812814107868578
222,0.07641755827983399,0,0.09812814107868578
223,0.06449131956869103,0,0.09812814107868578
224,0.08136353000827745,0,0.09812814107868578
225,0.07332327554033291,0,0.09812814107868578
226,0.08185478755574438,0,0.09812814107868578
227,0.06378547061890572,0,0.09812814107868578
228,0.12347096762097687,1,0.09812814107868578
229,0.11373516611540058,1,0.09812814107868578
230,0.07908460731705247,0,0.09812814107868578
231,0.06782515218221952,0,0.09812814107868578
232,0.07276451733732736,0,0.09812814107868578
233,0.06311721713450769,0,0.09812814107868578
234,0.01483270907050338,0,0.09812814107868578
235,0.02820325769130172,0,0.09812814107868578
236,0.10084540658990193,1,0.09812814107868578
237,0.07059133552390784,0,0.09812814107868578
238,0.06901764491243678,0,0.09812814107868578
239,0.06299003033350836,0,0.09812814107868578
240,0.08321400703374193,0,0.09812814107868578
241,0.07222656628555746,0,0.09812814107868578
242,0.10465578484570703,1,0.09812814107868578
243,0.09541618511807737,0,0.09812814107868578
244,0.07095661580737811,0,0.09812814107868578
245,0.07962518731317647,0,0.09812814107868578
246,0.07047314052663023,0,0.09812814107868578
247,0.06365548514591657,0,0.09812814107868578
248,0.01483270907050338,0,0.09812814107868578
249,0.02820325769130172,0,0.09812814107868578
250,0.01483270907050338,0,0.09812814107868578
251,0.02820325769130172,0,0.09812814107868578
252,0.11916742924659096,1,0.09812814107868578
253,0.10688532314040489,1,0.09812814107868578
254,0.11225695625489152,1,0.09812814107868578
255,0.09979412118850262,1,0.09812814107868578
256,0.01483270907050338,0,0.09812814107868578
257,0.02820325769130172,0,0.09812814107868578
258,0.01483270907050338,0,0.09812814107868578
259,0.02820325769130172,0,0.09812814107868578
260,0.01483270907050338,0,0.09812814107868578
261,0.02820325769130172,0,0.09812814107868578
262,0.01483270907050338,0,0.09812814107868578
263,0.02820325769130172,0,0.09812814107868578
264,0.01483270907050338,0,0.09812814107868578
265,0.02820325769130172,0,0.09812814107868578
266,0.07846914129106564,0,0.09812814107868578
267,0.06457037895311402,0,0.09812814107868578
268,0.01483270907050338,0,0.09812814107868578
269,0.02820325769130172,0,0.09812814107868578
270,0.01483270907050338,0,0.09812814107868578
271,0.02820325769130172,0,0.09812814107868578
272,0.01483270907050338,0,0.09812814107868578
273,0.02820325769130172,0,0.09812814107868578
274,0.11004043845856071,1,0.09812814107868578
275,0.08495690757926044,0,0.09812814107868578
276,0.01483270907050338,0,0.09812814107868578
277,0.02820325769130172,0,0.09812814107868578
278,0.09067061960392975,0,0.09812814107868578
279,0.07217330359216223,0,0.09812814107868578
280,0.11838670268530171,1,0.09812814107868578
281,0.11173371688207501,1,0.09812814107868578
282,0.01483270907050338,0,0.09812814107868578
283,0.02820325769130172,0,0.09812814107868578
284,0.01483270907050338,0,0.09812814107868578
285,0.02820325769130172,0,0.09812814107868578
286,0.01483270907050338,0,0.09812814107868578
287,0.02820325769130172,0,0.09812814107868578
288,0.01483270907050338,0,0.09812814107868578
289,0.02820325769130172,0,0.09812814107868578
290,0.01483270907050338,0,0.09812814107868578
291,0.02820325769130172,0,0.09812814107868578
292,0.01483270907050338,0,0.09812814107868578
293,0.02820325769130172,0,0.09812814107868578
294,0.01483270907050338,0,0.09812814107868578
295,0.02820325769130172,0,0.09812814107868578
296,0.01483270907050338,0,0.09812814107868578
297,0.02820325769130172,0,0.09812814107868578
298,0.01483270907050338,0,0.09812814107868578
299,0.02820325769130172,0,0.09812814107868578
300,0.01483270907050338,0,0.09812814107868578
301,0.02820325769130172,0,0.09812814107868578
302,0.08464742756231436,0,0.09812814107868578
303,0.08455874527281015,0,0.09812814107868578
304,0.09215484378024275,0,0.09812814107868578
305,0.07259243978004859,0,0.09812814107868578
306,0.01483270907050338,0,0.09812814107868578
307,0.02820325769130172,0,0.09812814107868578
308,0.01483270907050338,0,0.09812814107868578
309,0.02820325769130172,0,0.09812814107868578
310,0.08870725363835053,0,0.09812814107868578
311,0.07320222674846766,0,0.09812814107868578
312,0.01483270907050338,0,0.09812814107868578
313,0.02820325769130172,0,0.09812814107868578
314,0.01483270907050338,0,0.09812814107868578
315,0.02820325769130172,0,0.09812814107868578
316,0.08554395713733831,0,0.09812814107868578
317,0.07491736893553158,0,0.09812814107868578
318,0.01483270907050338,0,0.09812814107868578
319,0.02820325769130172,0,0.09812814107868578
320,0.08120331468658892,0,0.09812814107868578
321,0.06304207812109508,0,0.09812814107868578
322,0.08065931163140316,0,0.09812814107868578
323,0.0653149864056537,0,0.09812814107868578
324,0.06644155482772696,0,0.09812814107868578
325,0.06522167216283314,0,0.09812814107868578
326,0.0749588419593018,0,0.09812814107868578
327,0.07811410209348335,0,0.09812814107868578
328,0.08758147010500017,0,0.09812814107868578
329,0.06504444078095528,0,0.09812814107868578
330,0.06441295828527205,0,0.09812814107868578
331,0.07377557805207291,0,0.09812814107868578
332,0.09037240516170686,0,0.09812814107868578
333,0.08248972705416402,0,0.09812814107868578
334,0.01483270907050338,0,0.09812814107868578
335,0.02820325769130172,0,0.09812814107868578
336,0.0832879625529157,0,0.09812814107868578
337,0.0688323853912256,0,0.09812814107868578
338,0.12061270858990192,1,0.09812814107868578
339,0.10728525215512907,1,0.09812814107868578
340,0.01483270907050338,0,0.09812814107868578
341,0.02820325769130172,0,0.09812814107868578
342,0.0714596738540868,0,0.09812814107868578
343,0.06637494884897832,0,0.09812814107868578
344,0.01483270907050338,0,0.09812814107868578
345,0.02820325769130172,0,0.09812814107868578
346,0.09404511424995299,0,0.09812814107868578
347,0.0574590779324915,0,0.09812814107868578
348,0.07300940275578416,0,0.09812814107868578
349,0.06563538398342006,0,0.09812814107868578
350,0.07047314052663023,0,0.09812814107868578
351,0.06365548514591657,0,0.09812814107868578
352,0.0857689036022049,0,0.09812814107868578
353,0.08189495967325877,0,0.09812814107868578
354,0.07982604282923467,0,0.09812814107868578
355,0.06694592362475782,0,0.09812814107868578
356,0.01483270907050338,0,0.09812814107868578
357,0.02820325769130172,0,0.09812814107868578
358,0.0574158878079164,0,0.09812814107868578
359,0.06180203015891994,0,0.09812814107868578
360,0.01483270907050338,0,0.09812814107868578
361,0.02820325769130172,0,0.09812814107868578
362,0.06764509142849218,0,0.09812814107868578
363,0.06751779548001646,0,0.09812814107868578
364,0.01483270907050338,0,0.09812814107868578
365,0.02820325769130172,0,0.09812814107868578
366,0.09019984558346505,0,0.09812814107868578
367,0.07790196230765922,0,0.09812814107868578
368,0.08337013057938047,0,0.09812814107868578
369,0.06799928896793572,0,0.09812814107868578
370,0.01483270907050338,0,0.09812814107868578
371,0.02820325769130172,0,0.09812814107868578
372,0.01483270907050338,0,0.09812814107868578
373,0.02820325769130172,0,0.09812814107868578
374,0.0800794032445209,0,0.09812814107868578
375,0.0732368587824832,0,0.09812814107868578
376,0.07738410898438886,0,0.09812814107868578
377,0.07812008250967939,0,0.09812814107868578
378,0.11459902039145897,1,0.09812814107868578
379,0.10363989612056768,1,0.09812814107868578
380,0.09900759981274099,1,0.09812814107868578
381,0.08001550852047878,0,0.09812814107868578
382,0.0912721909968841,0,0.09812814107868578
383,0.08150860123182524,0,0.09812814107868578
384,0.07851793862657319,0,0.09812814107868578
385,0.06329656958475072,0,0.09812814107868578
386,0.01483270907050338,0,0.09812814107868578
387,0.02820325769130172,0,0.09812814107868578
388,0.07546656195862478,0,0.09812814107868578
389,0.07548157784611997,0,0.09812814107868578
390,0.07460374828363792,0,0.09812814107868578
391,0.08029923851697751,0,0.09812814107868578
392,0.01483270907050338,0,0.09812814107868578
393,0.02820325769130172,0,0.09812814107868578
394,0.01483270907050338,0,0.09812814107868578
395,0.02820325769130172,0,0.09812814107868578
396,0.01483270907050338,0,0.09812814107868578
397,0.02820325769130172,0,0.09812814107868578
398,0.12702947185935975,1,0.09812814107868578
399,0.12783558555372643,1,0.09812814107868578
400,0.01483270907050338,0,0.09812814107868578
401,0.02820325769130172,0,0.09812814107868578
402,0.09122032397261004,0,0.09812814107868578
403,0.06001805384552017,0,0.09812814107868578
404,0.01483270907050338,0,0.09812814107868578
405,0.02820325769130172,0,0.09812814107868578
406,0.07043724989302169,0,0.09812814107868578
407,0.06947094208002658,0,0.09812814107868578
408,0.08772623135625035,0,0.09812814107868578
409,0.058957299780709405,0,0.09812814107868578
410,0.07903444303605034,0,0.09812814107868578
411,0.07090229282906535,0,0.09812814107868578
412,0.01483270907050338,0,0.09812814107868578
413,0.02820325769130172,0,0.09812814107868578
414,0.08698789222059988,0,0.09812814107868578
415,0.07280876924161739,0,0.09812814107868578
416,0.07916411762634734,0,0.09812814107868578
417,0.06930914724957604,0,0.09812814107868578
418,0.1189556867893975,1,0.09812814107868578
419,0.10986141681200745,1,0.09812814107868578
420,0.08019458238259025,0,0.09812814107868578
421,0.06198057859292938,0,0.09812814107868578
422,0.01483270907050338,0,0.09812814107868578
423,0.02820325769130172,0,0.09812814107868578
424,0.01483270907050338,0,0.09812814107868578
425,0.02820325769130172,0,0.09812814107868578
426,0.01483270907050338,0,0.09812814107868578
427,0.02820325769130172,0,0.09812814107868578
428,0.058045812823349974,0,0.09812814107868578
429,0.0589951593130299,0,0.09812814107868578
430,0.01483270907050338,0,0.09812814107868578
431,0.02820325769130172,0,0.09812814107868578
432,0.10361509784732537,1,0.09812814107868578
433,0.10670729525341416,1,0.09812814107868578
434,0.09480320461109992,0,0.09812814107868578
435,0.10404509373419779,1,0.09812814107868578
436,0.09041742803458552,0,0.09812814107868578
437,0.06396859872362781,0,0.09812814107868578
438,0.07924539096024352,0,0.09812814107868578
439,0.06947673335687155,0,0.09812814107868578
440,0.01483270907050338,0,0.09812814107868578
441,0.02820325769130172,0,0.09812814107868578
442,0.01483270907050338,0,0.09812814107868578
443,0.02820325769130172,0,0.09812814107868578
444,0.01483270907050338,0,0.09812814107868578
445,0.02820325769130172,0,0.09812814107868578
446,0.08834141661435746,0,0.09812814107868578
447,0.07462423880854052,0,0.09812814107868578
448,0.01483270907050338,0,0.09812814107868578
449,0.02820325769130172,0,0.09812814107868578
450,0.08403200138323075,0,0.09812814107868578
451,0.07289923933190601,0,0.09812814107868578
452,0.01483270907050338,0,0.09812814107868578
453,0.02820325769130172,0,0.09812814107868578
454,0.09547927167629822,0,0.09812814107868578
455,0.08797959508665809,0,0.09812814107868578
456,0.01483270907050338,0,0.09812814107868578
457,0.02820325769130172,0,0.09812814107868578
458,0.01483270907050338,0,0.09812814107868578
459,0.02820325769130172,0,0.09812814107868578
460,0.11531358155718796,1,0.09812814107868578
461,0.10450041947540989,1,0.09812814107868578
462,0.01483270907050338,0,0.09812814107868578
463,0.02820325769130172,0,0.09812814107868578
464,0.01483270907050338,0,0.09812814107868578
465,0.02820325769130172,0,0.09812814107868578
466,0.07036032074877663,0,0.09812814107868578
467,0.06288527236213581,0,0.09812814107868578
468,0.07786974246565759,0,0.09812814107868578
469,0.0735628493010324,0,0.09812814107868578
470,0.09559491602848702,0,0.09812814107868578
471,0.09760666816400265,0,0.09812814107868578
472,0.07628796647629454,0,0.09812814107868578
473,0.0759830713235391,0,0.09812814107868578
474,0.06476275888317073,0,0.09812814107868578
475,0.057159587756699604,0,0.09812814107868578
476,0.07564870523459821,0,0.09812814107868578
477,0.0825272240425271,0,0.09812814107868578
478,0.08032591124394028,0,0.09812814107868578
479,0.07191980167548595,0,0.09812814107868578
480,0.01483270907050338,0,0.09812814107868578
481,0.02820325769130172,0,0.09812814107868578
482,0.09371255281703028,0,0.09812814107868578
483,0.07178303829402666,0,0.09812814107868578
484,0.08929567685956441,0,0.09812814107868578
485,0.11130696544362473,1,0.09812814107868578
486,0.08733834066743706,0,0.09812814107868578
487,0.06096607526389186,0,0.09812814107868578
488,0.08152592706370954,0,0.09812814107868578
489,0.06446936935091463,0,0.09812814107868578
490,0.109098738786236,1,0.09812814107868578
491,0.11563890770390695,1,0.09812814107868578
492,0.08864333768660271,0,0.09812814107868578
493,0.06944797153037241,0,0.09812814107868578
494,0.01483270907050338,0,0.09812814107868578
495,0.02820325769130172,0,0.09812814107868578
496,0.08842587515929345,0,0.09812814107868578
497,0.06491652579439455,0,0.09812814107868578
498,0.09495265856469903,0,0.09812814107868578
499,0.11015291229196877,1,0.09812814107868578
500,0.0874615977752291,0,0.09812814107868578
501,0.07699063919380511,0,0.09812814107868578
502,0.11960486656640545,1,0.09812814107868578
503,0.10198927528050772,1,0.09812814107868578
504,0.08772623135625035,0,0.09812814107868578
505,0.058957299780709405,0,0.09812814107868578
506,0.01483270907050338,0,0.09812814107868578
507,0.02820325769130172,0,0.09812814107868578
508,0.10099924334728128,1,0.09812814107868578
509,0.08465184889635835,0,0.09812814107868578
510,0.08725634167548568,0,0.09812814107868578
511,0.06298093752646083,0,0.09812814107868578
512,0.01483270907050338,0,0.09812814107868578
513,0.02820325769130172,0,0.09812814107868578
514,0.01483270907050338,0,0.09812814107868578
515,0.02820325769130172,0,0.09812814107868578
516,0.0853441346929199,0,0.09812814107868578
517,0.06489246907036095,0,0.09812814107868578
518,0.09061400467322789,0,0.09812814107868578
519,0.060739221422116074,0,0.09812814107868578
520,0.01483270907050338,0,0.09812814107868578
521,0.02820325769130172,0,0.09812814107868578
522,0.01483270907050338,0,0.09812814107868578
523,0.02820325769130172,0,0.09812814107868578
524,0.0713132496569494,0,0.09812814107868578
525,0.07185342730447153,0,0.09812814107868578
526,0.10708786633629253,1,0.09812814107868578
527,0.10619397160832034,1,0.09812814107868578
528,0.0688615133021051,0,0.09812814107868578
529,0.06534606102339946,0,0.09812814107868578
530,0.01483270907050338,0,0.09812814107868578
531,0.02820325769130172,0,0.09812814107868578
532,0.01483270907050338,0,0.09812814107868578
533,0.02820325769130172,0,0.09812814107868578
534,0.08293540065123128,0,0.09812814107868578
535,0.06324544307594393,0,0.09812814107868578
536,0.07880601407763366,0,0.09812814107868578
537,0.07624695120889657,0,0.09812814107868578
538,0.09112790254771053,0,0.09812814107868578
539,0.0663457521649995,0,0.09812814107868578
540,0.10116684036262735,1,0.09812814107868578
541,0.10950896182868775,1,0.09812814107868578
542,0.01483270907050338,0,0.09812814107868578
543,0.02820325769130172,0,0.09812814107868578
544,0.11232201496150307,1,0.09812814107868578
545,0.08993522536521459,0,0.09812814107868578
546,0.08437349174799347,0,0.09812814107868578
547,0.06060580479226707,0,0.09812814107868578
548,0.01483270907050338,0,0.09812814107868578
549,0.02820325769130172,0,0.09812814107868578
550,0.01483270907050338,0,0.09812814107868578
551,0.02820325769130172,0,0.09812814107868578
552,0.09199982621489611,0,0.09812814107868578
553,0.07819484652008102,0,0.09812814107868578
554,0.08529255386095302,0,0.09812814107868578
555,0.06616190406299038,0,0.09812814107868578
556,0.01483270907050338,0,0.09812814107868578
557,0.02820325769130172,0,0.09812814107868578
558,0.0879563539990097,0,0.09812814107868578
559,0.06840955100861068,0,0.09812814107868578
560,0.01483270907050338,0,0.09812814107868578
561,0.02820325769130172,0,0.09812814107868578
562,0.01483270907050338,0,0.09812814107868578
563,0.02820325769130172,0,0.09812814107868578
564,0.09161484551979227,0,0.09812814107868578
565,0.07397544034907177,0,0.09812814107868578
566,0.10329949265600791,1,0.09812814107868578
567,0.09798077246154369,0,0.09812814107868578
568,0.08235614654033119,0,0.09812814107868578
569,0.05460648612367036,0,0.09812814107868578
570,0.08255150947638656,0,0.09812814107868578
571,0.05047081531980813,0,0.09812814107868578
572,0.01483270907050338,0,0.09812814107868578
573,0.02820325769130172,0,0.09812814107868578
574,0.08154154606624653,0,0.09812814107868578
575,0.07511685780368982,0,0.09812814107868578
576,0.01483270907050338,0,0.09812814107868578
577,0.02820325769130172,0,0.09812814107868578
578,0.01483270907050338,0,0.09812814107868578
579,0.02820325769130172,0,0.09812814107868578
580,0.01483270907050338,0,0.09812814107868578
581,0.02820325769130172,0,0.09812814107868578
582,0.01483270907050338,0,0.09812814107868578
583,0.02820325769130172,0,0.09812814107868578
584,0.08313191695473299,0,0.09812814107868578
585,0.08223011225997201,0,0.09812814107868578
586,0.08287159470559091,0,0.09812814107868578
587,0.0570606216986721,0,0.09812814107868578
588,0.07813311736793349,0,0.09812814107868578
589,0.06333328859618437,0,0.09812814107868578
590,0.01483270907050338,0,0.09812814107868578
591,0.02820325769130172,0,0.09812814107868578
592,0.08585126202735416,0,0.09812814107868578
593,0.06208512997135607,0,0.09812814107868578
594,0.01483270907050338,0,0.09812814107868578
595,0.02820325769130172,0,0.09812814107868578
596,0.01483270907050338,0,0.09812814107868578
597,0.02820325769130172,0,0.09812814107868578
598,0.01483270907050338,0,0.09812814107868578
599,0.02820325769130172,0,0.09812814107868578
600,0.01483270907050338,0,0.09812814107868578
601,0.02820325769130172,0,0.09812814107868578
602,0.01483270907050338,0,0.09812814107868578
603,0.02820325769130172,0,0.09812814107868578
604,0.07715594657446678,0,0.09812814107868578
605,0.0659873404227228,0,0.09812814107868578
606,0.01483270907050338,0,0.09812814107868578
607,0.02820325769130172,0,0.09812814107868578
608,0.08095656478409141,0,0.09812814107868578
609,0.05928370110179937,0,0.09812814107868578
610,0.10752753859079145,1,0.09812814107868578
611,0.10012829957351876,1,0.09812814107868578
612,0.0870287026734603,0,0.09812814107868578
613,0.07053961678505039,0,0.09812814107868578
614,0.08186793386194446,0,0.09812814107868578
615,0.057953758892422935,0,0.09812814107868578
616,0.07131997736047424,0,0.09812814107868578
617,0.07466178888610464,0,0.09812814107868578
618,0.10483417636360048,1,0.09812814107868578
619,0.11747330060381767,1,0.09812814107868578
620,0.07898688910045015,0,0.09812814107868578
621,0.06670861826454855,0,0.09812814107868578
622,0.07944261732647939,0,0.09812814107868578
623,0.06473527972762882,0,0.09812814107868578
624,0.08630661832168263,0,0.09812814107868578
625,0.06332448256331447,0,0.09812814107868578
626,0.01483270907050338,0,0.09812814107868578
627,0.02820325769130172,0,0.09812814107868578
628,0.08479969037632495,0,0.09812814107868578
629,0.07438839992949098,0,0.09812814107868578
630,0.07080019613178601,0,0.09812814107868578
631,0.06763948710936385,0,0.09812814107868578
632,0.0894448501210966,0,0.09812814107868578
633,0.07695315675256398,0,0.09812814107868578
634,0.0745760730414382,0,0.09812814107868578
635,0.08247208080202473,0,0.09812814107868578
636,0.12085845534948936,1,0.09812814107868578
637,0.12873121142803756,1,0.09812814107868578
638,0.01483270907050338,0,0.09812814107868578
639,0.02820325769130172,0,0.09812814107868578
640,0.01483270907050338,0,0.09812814107868578
641,0.02820325769130172,0,0.09812814107868578
642,0.01483270907050338,0,0.09812814107868578
643,0.02820325769130172,0,0.09812814107868578
644,0.01483270907050338,0,0.09812814107868578
645,0.02820325769130172,0,0.09812814107868578
646,0.01483270907050338,0,0.09812814107868578
647,0.02820325769130172,0,0.09812814107868578
648,0.01483270907050338,0,0.09812814107868578
649,0.02820325769130172,0,0.09812814107868578
650,0.08722556390331548,0,0.09812814107868578
651,0.07045581695191805,0,0.09812814107868578
652,0.08220829313153644,0,0.09812814107868578
653,0.07061920581278092,0,0.09812814107868578
654,0.01483270907050338,0,0.09812814107868578
655,0.02820325769130172,0,0.09812814107868578
656,0.07994032157714936,0,0.09812814107868578
657,0.06556843835556503,0,0.09812814107868578
658,0.01483270907050338,0,0.09812814107868578
659,0.02820325769130172,0,0.09812814107868578
660,0.07286515390427784,0,0.09812814107868578
661,0.06811921290910072,0,0.09812814107868578
662,0.01483270907050338,0,0.09812814107868578
663,0.02820325769130172,0,0.09812814107868578
664,0.07567637417661743,0,0.09812814107868578
665,0.07361134594119068,0,0.09812814107868578
666,0.07840460541962979,0,0.09812814107868578
667,0.06480412931207757,0,0.09812814107868578
668,0.07615728133703148,0,0.09812814107868578
669,0.05976202409167053,0,0.09812814107868578
670,0.01483270907050338,0,0.09812814107868578
671,0.02820325769130172,0,0.09812814107868578
672,0.01483270907050338,0,0.09812814107868578
673,0.02820325769130172,0,0.09812814107868578
674,0.01483270907050338,0,0.09812814107868578
675,0.02820325769130172,0,0.09812814107868578
676,0.01483270907050338,0,0.09812814107868578
677,0.02820325769130172,0,0.09812814107868578
678,0.01483270907050338,0,0.09812814107868578
679,0.02820325769130172,0,0.09812814107868578
680,0.0811997834463678,0,0.09812814107868578
681,0.0673016182901035,0,0.09812814107868578
682,0.01483270907050338,0,0.09812814107868578
683,0.02820325769130172,0,0.09812814107868578
684,0.09170538518708571,0,0.09812814107868578
685,0.07926207890329595,0,0.09812814107868578
686,0.0835923932332544,0,0.09812814107868578
687,0.06819335598498433,0,0.09812814107868578
688,0.12697809890716039,1,0.09812814107868578
689,0.11729575241954615,1,0.09812814107868578
690,0.10390351914440343,1,0.09812814107868578
691,0.10691813485581014,1,0.09812814107868578
692,0.11420463043265672,1,0.09812814107868578
693,0.09431780274547263,0,0.09812814107868578
694,0.01483270907050338,0,0.09812814107868578
695,0.02820325769130172,0,0.09812814107868578
696,0.09474233279979638,0,0.09812814107868578
697,0.08315668292841283,0,0.09812814107868578
698,0.10824143492762106,1,0.09812814107868578
699,0.11047164733856318,1,0.09812814107868578
700,0.07678385992225567,0,0.09812814107868578
701,0.07242039094257069,0,0.09812814107868578
702,0.01483270907050338,0,0.09812814107868578
703,0.02820325769130172,0,0.09812814107868578
704,0.0804053089014356,0,0.09812814107868578
705,0.05443664656126168,0,0.09812814107868578
706,0.07577146551277691,0,0.09812814107868578
707,0.06961690765583806,0,0.09812814107868578
708,0.08025318623115474,0,0.09812814107868578
709,0.07115791921185088,0,0.09812814107868578
710,0.06731554517601357,0,0.09812814107868578
711,0.06272889587364772,0,0.09812814107868578
712,0.08647219080773694,0,0.09812814107868578
713,0.07424426119595473,0,0.09812814107868578
714,0.01483270907050338,0,0.09812814107868578
715,0.02820325769130172,0,0.09812814107868578
716,0.09801024921510937,0,0.09812814107868578
717,0.0555932046635238,0,0.09812814107868578
718,0.01483270907050338,0,0.09812814107868578
719,0.02820325769130172,0,0.09812814107868578
720,0.09271664488108144,0,0.09812814107868578
721,0.05825309545529689,0,0.09812814107868578
722,0.01483270907050338,0,0.09812814107868578
723,0.02820325769130172,0,0.09812814107868578
724,0.01483270907050338,0,0.09812814107868578
725,0.02820325769130172,0,0.09812814107868578
726,0.01483270907050338,0,0.09812814107868578
727,0.02820325769130172,0,0.09812814107868578
728,0.01483270907050338,0,0.09812814107868578
729,0.02820325769130172,0,0.09812814107868578
730,0.01483270907050338,0,0.09812814107868578
731,0.02820325769130172,0,0.09812814107868578
732,0.07168466449189803,0,0.09812814107868578
733,0.06567243243748466,0,0.09812814107868578
734,0.07491282851904502,0,0.09812814107868578
735,0.0701612474936707,0,0.09812814107868578
736,0.01483270907050338,0,0.09812814107868578
737,0.02820325769130172,0,0.09812814107868578
738,0.08637177059118506,0,0.09812814107868578
739,0.07295054253606703,0,0.09812814107868578
740,0.0875128240000681,0,0.09812814107868578
741,0.08568641264783705,0,0.09812814107868578
742,0.08855021652992268,0,0.09812814107868578
743,0.061974339031430015,0,0.09812814107868578
744,0.07993092531080126,0,0.09812814107868578
745,0.05342224918879879,0,0.09812814107868578
746,0.08351869044965587,0,0.09812814107868578
747,0.07026551043024098,0,0.09812814107868578
748,0.01483270907050338,0,0.09812814107868578
749,0.02820325769130172,0,0.09812814107868578
750,0.01483270907050338,0,0.09812814107868578
751,0.02820325769130172,0,0.09812814107868578
752,0.09426601443364435,0,0.09812814107868578
753,0.07710742122313907,0,0.09812814107868578
754,0.09061400467322789,0,0.09812814107868578
755,0.060739221422116074,0,0.09812814107868578
756,0.07112524644289375,0,0.09812814107868578
757,0.06425096208029213,0,0.09812814107868578
758,0.01483270907050338,0,0.09812814107868578
759,0.02820325769130172,0,0.09812814107868578
760,0.08321400703374193,0,0.09812814107868578
761,0.07222656628555746,0,0.09812814107868578
762,0.09029274113039276,0,0.09812814107868578
763,0.0741633974992395,0,0.09812814107868578
764,0.0664612329782528,0,0.09812814107868578
765,0.06943992668941068,0,0.09812814107868578
766,0.07860675059477151,0,0.09812814107868578
767,0.06913982536299201,0,0.09812814107868578
768,0.0767964674189987,0,0.09812814107868578
769,0.059432984783850284,0,0.09812814107868578
770,0.01483270907050338,0,0.09812814107868578
771,0.02820325769130172,0,0.09812814107868578
772,0.07875197491249031,0,0.09812814107868578
773,0.06647670157303609,0,0.09812814107868578
774,0.01483270907050338,0,0.09812814107868578
775,0.02820325769130172,0,0.09812814107868578
776,0.08592079331237668,0,0.09812814107868578
777,0.0747918792977057,0,0.09812814107868578
778,0.08031868452551005,0,0.09812814107868578
779,0.07316006459646474,0,0.09812814107868578
780,0.11680689646252362,1,0.09812814107868578
781,0.10018845198895954,1,0.09812814107868578
782,0.01483270907050338,0,0.09812814107868578
783,0.02820325769130172,0,0.09812814107868578
784,0.07086077603201935,0,0.09812814107868578
785,0.06700920253758358,0,0.09812814107868578
786,0.10586374550175637,1,0.09812814107868578
787,0.10649731098622517,1,0.09812814107868578
788,0.01483270907050338,0,0.09812814107868578
789,0.02820325769130172,0,0.09812814107868578
790,0.11913184533599286,1,0.09812814107868578
791,0.11423781391620491,1,0.09812814107868578
792,0.09128241196770293,0,0.09812814107868578
793,0.11950226411803899,1,0.09812814107868578
794,0.01483270907050338,0,0.09812814107868578
795,0.02820325769130172,0,0.09812814107868578
796,0.08518412281267929,0,0.09812814107868578
797,0.06793985769368605,0,0.09812814107868578
798,0.1099517385692459,1,0.09812814107868578
799,0.08690767143481759,0,0.09812814107868578
800,0.07810040179626465,0,0.09812814107868578
801,0.06501934702376466,0,0.09812814107868578
802,0.07577834185872123,0,0.09812814107868578
803,0.0572808613976189,0,0.09812814107868578
804,0.01483270907050338,0,0.09812814107868578
805,0.02820325769130172,0,0.09812814107868578
806,0.09681997382103791,0,0.09812814107868578
807,0.0685857656221931,0,0.09812814107868578
808,0.01483270907050338,0,0.09812814107868578
809,0.02820325769130172,0,0.09812814107868578
810,0.01483270907050338,0,0.09812814107868578
811,0.02820325769130172,0,0.09812814107868578
812,0.07533321698456863,0,0.09812814107868578
813,0.09074199941277294,0,0.09812814107868578
814,0.060438710249665295,0,0.09812814107868578
815,0.06349804645103752,0,0.09812814107868578
816,0.08566886289538012,0,0.09812814107868578
817,0.06396360186477901,0,0.09812814107868578
818,0.06733519891393935,0,0.09812814107868578
819,0.053790117816309824,0,0.09812814107868578
820,0.01483270907050338,0,0.09812814107868578
821,0.02820325769130172,0,0.09812814107868578
822,0.08093291619577037,0,0.09812814107868578
823,0.07253745625785635,0,0.09812814107868578
824,0.08436745126838074,0,0.09812814107868578
825,0.06447893277429706,0,0.09812814107868578
826,0.09089190806273795,0,0.09812814107868578
827,0.07814177926270094,0,0.09812814107868578
828,0.01483270907050338,0,0.09812814107868578
829,0.02820325769130172,0,0.09812814107868578
830,0.0886585696681148,0,0.09812814107868578
831,0.07210793746134814,0,0.09812814107868578
832,0.0821052574843616,0,0.09812814107868578
833,0.06668199899541138,0,0.09812814107868578
834,0.07622445915311205,0,0.09812814107868578
835,0.06843500312089901,0,0.09812814107868578
836,0.09728328383519946,0,0.09812814107868578
837,0.08942697630847074,0,0.09812814107868578
838,0.08765826732328463,0,0.09812814107868578
839,0.06837188375496872,0,0.09812814107868578
840,0.01483270907050338,0,0.09812814107868578
841,0.02820325769130172,0,0.09812814107868578
842,0.09062224158282128,0,0.09812814107868578
843,0.05803529212037695,0,0.09812814107868578
844,0.08566886289538012,0,0.09812814107868578
845,0.06396360186477901,0,0.09812814107868578
846,0.01483270907050338,0,0.09812814107868578
847,0.02820325769130172,0,0.09812814107868578
848,0.01483270907050338,0,0.09812814107868578
849,0.02820325769130172,0,0.09812814107868578
850,0.09420740622674784,0,0.09812814107868578
851,0.06752370960708298,0,0.09812814107868578
852,0.09335258547031211,0,0.09812814107868578
853,0.059169444915004754,0,0.09812814107868578
854,0.07358711979391752,0,0.09812814107868578
855,0.06147480635606606,0,0.09812814107868578
856,0.01483270907050338,0,0.09812814107868578
857,0.02820325769130172,0,0.09812814107868578
858,0.07260421443157816,0,0.09812814107868578
859,0.06618355940876175,0,0.09812814107868578
860,0.12268056641962533,1,0.09812814107868578
861,0.12531573938773521,1,0.09812814107868578
862,0.08772623135625035,0,0.09812814107868578
863,0.058957299780709405,0,0.09812814107868578
864,0.07503924202031609,0,0.09812814107868578
865,0.07905564501739437,0,0.09812814107868578
866,0.01483270907050338,0,0.09812814107868578
867,0.02820325769130172,0,0.09812814107868578
868,0.12342510853965927,1,0.09812814107868578
869,0.11509856914247163,1,0.09812814107868578
870,0.10823757229554143,1,0.09812814107868578
871,0.0996171209330321,1,0.09812814107868578
872,0.01483270907050338,0,0.09812814107868578
873,0.02820325769130172,0,0.09812814107868578
874,0.07807992680410436,0,0.09812814107868578
875,0.06546850858087383,0,0.09812814107868578
876,0.01483270907050338,0,0.09812814107868578
877,0.02820325769130172,0,0.09812814107868578
878,0.01483270907050338,0,0.09812814107868578
879,0.02820325769130172,0,0.09812814107868578
880,0.08759730006100497,0,0.09812814107868578
881,0.07418596774533959,0,0.09812814107868578
882,0.01483270907050338,0,0.09812814107868578
883,0.02820325769130172,0,0.09812814107868578
884,0.09398975022060718,0,0.09812814107868578
885,0.0690428665391043,0,0.09812814107868578
886,0.01483270907050338,0,0.09812814107868578
887,0.02820325769130172,0,0.09812814107868578
888,0.01483270907050338,0,0.09812814107868578
889,0.02820325769130172,0,0.09812814107868578
890,0.01483270907050338,0,0.09812814107868578
891,0.02820325769130172,0,0.09812814107868578
892,0.01483270907050338,0,0.09812814107868578
893,0.02820325769130172,0,0.09812814107868578
894,0.01483270907050338,0,0.09812814107868578
895,0.02820325769130172,0,0.09812814107868578
896,0.01483270907050338,0,0.09812814107868578
897,0.02820325769130172,0,0.09812814107868578
898,0.1147225047805227,1,0.09812814107868578
899,0.12216275005170962,1,0.09812814107868578
900,0.0821553767269263,0,0.09812814107868578
901,0.06107564328466919,0,0.09812814107868578
902,0.08085003485233477,0,0.09812814107868578
903,0.06525305837748552,0,0.09812814107868578
904,0.11152428273627502,1,0.09812814107868578
905,0.11198457963482789,1,0.09812814107868578
906,0.1146938934860039,1,0.09812814107868578
907,0.1081841490564096,1,0.09812814107868578
908,0.08911497522833856,0,0.09812814107868578
909,0.06952899584426409,0,0.09812814107868578
910,0.08255771081697016,0,0.09812814107868578
911,0.07836919869200476,0,0.09812814107868578
912,0.08387754154767335,0,0.09812814107868578
913,0.07050727102135568,0,0.09812814107868578
914,0.08305873248498719,0,0.09812814107868578
915,0.058571521382855374,0,0.09812814107868578
916,0.0784458300950861,0,0.09812814107868578
917,0.07465413011620803,0,0.09812814107868578
918,0.0732598302529075,0,0.09812814107868578
919,0.07321556316709932,0,0.09812814107868578
920,0.07882512644188577,0,0.09812814107868578
921,0.060948665129647916,0,0.09812814107868578
922,0.01483270907050338,0,0.09812814107868578
923,0.02820325769130172,0,0.09812814107868578
924,0.11615709621365422,1,0.09812814107868578
925,0.11120617064198846,1,0.09812814107868578
926,0.08578416204570727,0,0.09812814107868578
927,0.07537375092974441,0,0.09812814107868578
928,0.08644219625117111,0,0.09812814107868578
929,0.06754233178957014,0,0.09812814107868578
930,0.01483270907050338,0,0.09812814107868578
931,0.02820325769130172,0,0.09812814107868578
932,0.01483270907050338,0,0.09812814107868578
933,0.02820325769130172,0,0.09812814107868578
934,0.01483270907050338,0,0.09812814107868578
935,0.02820325769130172,0,0.09812814107868578
936,0.01483270907050338,0,0.09812814107868578
937,0.02820325769130172,0,0.09812814107868578
938,0.01483270907050338,0,0.09812814107868578
939,0.02820325769130172,0,0.09812814107868578
940,0.08390135420704592,0,0.09812814107868578
941,0.07603414246121443,0,0.09812814107868578
942,0.01483270907050338,0,0.09812814107868578
943,0.02820325769130172,0,0.09812814107868578
944,0.06478971667217392,0,0.09812814107868578
945,0.061740932495871426,0,0.09812814107868578
946,0.01483270907050338,0,0.09812814107868578
947,0.02820325769130172,0,0.09812814107868578
948,0.08304286975136987,0,0.09812814107868578
949,0.07126984837555561,0,0.09812814107868578
950,0.06512023666953304,0,0.09812814107868578
951,0.07520949262351861,0,0.09812814107868578
952,0.09128241196770293,0,0.09812814107868578
953,0.11950226411803899,1,0.09812814107868578
954,0.09404511424995299,0,0.09812814107868578
955,0.0574590779324915,0,0.09812814107868578
956,0.09801024921510937,0,0.09812814107868578
957,0.0555932046635238,0,0.09812814107868578
958,0.08185478755574438,0,0.09812814107868578
959,0.06378547061890572,0,0.09812814107868578
960,0.08855021652992268,0,0.09812814107868578
961,0.061974339031430015,0,0.09812814107868578
962,0.01483270907050338,0,0.09812814107868578
963,0.02820325769130172,0,0.09812814107868578
964,0.11230074865622364,1,0.09812814107868578
965,0.09227933968362034,0,0.09812814107868578
966,0.01483270907050338,0,0.09812814107868578
967,0.02820325769130172,0,0.09812814107868578
968,0.08364360459726583,0,0.09812814107868578
969,0.0664807665403826,0,0.09812814107868578
970,0.07714180844709595,0,0.09812814107868578
971,0.08199448266230402,0,0.09812814107868578
972,0.07732989364059617,0,0.09812814107868578
973,0.06410720571383866,0,0.09812814107868578
974,0.01483270907050338,0,0.09812814107868578
975,0.02820325769130172,0,0.09812814107868578
976,0.08012349805830565,0,0.09812814107868578
977,0.07440900193656341,0,0.09812814107868578
978,0.01483270907050338,0,0.09812814107868578
979,0.02820325769130172,0,0.09812814107868578
980,0.09326781369151682,0,0.09812814107868578
981,0.08335238367198705,0,0.09812814107868578
982,0.01483270907050338,0,0.09812814107868578
983,0.02820325769130172,0,0.09812814107868578
984,0.01483270907050338,0,0.09812814107868578
985,0.02820325769130172,0,0.09812814107868578
986,0.01483270907050338,0,0.09812814107868578
987,0.02820325769130172,0,0.09812814107868578
988,0.01483270907050338,0,0.09812814107868578
989,0.02820325769130172,0,0.09812814107868578
990,0.01483270907050338,0,0.09812814107868578
991,0.02820325769130172,0,0.09812814107868578
992,0.08855021652992268,0,0.09812814107868578
993,0.061974339031430015,0,0.09812814107868578
994,0.08214568600432348,0,0.09812814107868578
995,0.07193131762839033,0,0.09812814107868578
996,0.08303058231105276,0,0.09812814107868578
997,0.0700182181727832,0,0.09812814107868578
998,0.01483270907050338,0,0.09812814107868578
999,0.02820325769130172,0,0.09812814107868578
1000,0.01483270907050338,0,0.09812814107868578
1001,0.02820325769130172,0,0.09812814107868578
1002,0.01483270907050338,0,0.09812814107868578
1003,0.02820325769130172,0,0.09812814107868578
1004,0.01483270907050338,0,0.09812814107868578
1005,0.02820325769130172,0,0.09812814107868578
1006,0.0940049825238859,0,0.09812814107868578
1007,0.07999168878939322,0,0.09812814107868578
1008,0.08657652598430565,0,0.09812814107868578
1009,0.06193211948149768,0,0.09812814107868578
1010,0.08479412606443648,0,0.09812814107868578
1011,0.07069538939630682,0,0.09812814107868578
1012,0.01483270907050338,0,0.09812814107868578
1013,0.02820325769130172,0,0.09812814107868578
1014,0.01483270907050338,0,0.09812814107868578
1015,0.02820325769130172,0,0.09812814107868578
1016,0.13912482038563345,1,0.09812814107868578
1017,0.12520368846303376,1,0.09812814107868578
1018,0.07245397104715223,0,0.09812814107868578
1019,0.07280100168593007,0,0.09812814107868578
1020,0.08428101590752668,0,0.09812814107868578
1021,0.05359794325436129,0,0.09812814107868578
1022,0.01483270907050338,0,0.09812814107868578
1023,0.02820325769130172,0,0.09812814107868578
1024,0.11686143791884995,1,0.09812814107868578
1025,0.11726735206543593,1,0.09812814107868578
1026,0.01483270907050338,0,0.09812814107868578
1027,0.02820325769130172,0,0.09812814107868578
1028,0.01483270907050338,0,0.09812814107868578
1029,0.02820325769130172,0,0.09812814107868578
1030,0.0990167983302952,1,0.09812814107868578
1031,0.0705799355672021,0,0.09812814107868578
1032,0.01483270907050338,0,0.09812814107868578
1033,0.02820325769130172,0,0.09812814107868578
1034,0.08910274126673512,0,0.09812814107868578
1035,0.06194851841149418,0,0.09812814107868578
1036,0.01483270907050338,0,0.09812814107868578
1037,0.02820325769130172,0,0.09812814107868578
1038,0.01483270907050338,0,0.09812814107868578
1039,0.02820325769130172,0,0.09812814107868578
1040,0.07445469185849451,0,0.09812814107868578
1041,0.08172353569702051,0,0.09812814107868578
1042,0.01483270907050338,0,0.09812814107868578
1043,0.02820325769130172,0,0.09812814107868578
1044,0.01483270907050338,0,0.09812814107868578
1045,0.02820325769130172,0,0.09812814107868578
1046,0.10118544271209806,1,0.09812814107868578
1047,0.09183231835111061,0,0.09812814107868578
1048,0.07646756845721425,0,0.09812814107868578
1049,0.07366841950175163,0,0.09812814107868578
1050,0.07812051030441702,0,0.09812814107868578
1051,0.0650730635598008,0,0.09812814107868578
1052,0.10467587196319861,1,0.09812814107868578
1053,0.09558136808598816,0,0.09812814107868578
1054,0.01483270907050338,0,0.09812814107868578
1055,0.02820325769130172,0,0.09812814107868578
1056,0.01483270907050338,0,0.09812814107868578
1057,0.02820325769130172,0,0.09812814107868578
1058,0.07965665290825408,0,0.09812814107868578
1059,0.06078772858331549,0,0.09812814107868578
1060,0.01483270907050338,0,0.09812814107868578
1061,0.02820325769130172,0,0.09812814107868578
1062,0.08850697207507485,0,0.09812814107868578
1063,0.11304963024475423,1,0.09812814107868578
1064,0.01483270907050338,0,0.09812814107868578
1065,0.02820325769130172,0,0.09812814107868578
1066,0.07361444651108873,0,0.09812814107868578
1067,0.06365134156096319,0,0.09812814107868578
1068,0.08413700020316273,0,0.09812814107868578
1069,0.08276012250366616,0,0.09812814107868578
1070,0.01483270907050338,0,0.09812814107868578
1071,0.02820325769130172,0,0.09812814107868578
1072,0.11273874724018862,1,0.09812814107868578
1073,0.11410514433114927,1,0.09812814107868578
1074,0.07203564526104045,0,0.09812814107868578
1075,0.06418021535892848,0,0.09812814107868578
1076,0.10505158519613045,1,0.09812814107868578
1077,0.10061182867166008,1,0.09812814107868578
1078,0.08324283449762371,0,0.09812814107868578
1079,0.06838366284865016,0,0.09812814107868578
1080,0.08789068060103322,0,0.09812814107868578
1081,0.058349779182642725,0,0.09812814107868578
1082,0.11931184784343873,1,0.09812814107868578
1083,0.1307763270033443,1,0.09812814107868578
1084,0.01483270907050338,0,0.09812814107868578
1085,0.02820325769130172,0,0.09812814107868578
1086,0.01483270907050338,0,0.09812814107868578
1087,0.02820325769130172,0,0.09812814107868578
1088,0.07281261261507199,0,0.09812814107868578
1089,0.0801769957717885,0,0.09812814107868578
1090,0.09906446321704121,1,0.09812814107868578
1091,0.0829583864774005,0,0.09812814107868578
1092,0.01483270907050338,0,0.09812814107868578
1093,0.02820325769130172,0,0.09812814107868578
1094,0.01483270907050338,0,0.09812814107868578
1095,0.02820325769130172,0,0.09812814107868578
1096,0.11748626540223728,1,0.09812814107868578
1097,0.1100975460235376,1,0.09812814107868578
1098,0.01483270907050338,0,0.09812814107868578
1099,0.02820325769130172,0,0.09812814107868578
1100,0.01483270907050338,0,0.09812814107868578
1101,0.02820325769130172,0,0.09812814107868578
1102,0.01483270907050338,0,0.09812814107868578
1103,0.02820325769130172,0,0.09812814107868578
1104,0.10527810498030465,1,0.09812814107868578
1105,0.10964542954825784,1,0.09812814107868578
1106,0.11867357126648803,1,0.09812814107868578
1107,0.12165994983324468,1,0.09812814107868578
1108,0.08835405972960719,0,0.09812814107868578
1109,0.09573988151554025,0,0.09812814107868578
1110,0.09457823829059187,0,0.09812814107868578
1111,0.0871058921333866,0,0.09812814107868578
1112,0.01483270907050338,0,0.09812814107868578
1113,0.02820325769130172,0,0.09812814107868578
1114,0.01483270907050338,0,0.09812814107868578
1115,0.02820325769130172,0,0.09812814107868578
1116,0.08390917200695269,0,0.09812814107868578
1117,0.08093920290540801,0,0.09812814107868578
1118,0.01483270907050338,0,0.09812814107868578
1119,0.02820325769130172,0,0.09812814107868578
1120,0.08655292853242769,0,0.09812814107868578
1121,0.07162682848948754,0,0.09812814107868578
1122,0.08437133337682656,0,0.09812814107868578
1123,0.06793175478277891,0,0.09812814107868578
1124,0.08184693105839425,0,0.09812814107868578
1125,0.06780905415734906,0,0.09812814107868578
1126,0.09115597899616323,0,0.09812814107868578
1127,0.07273319309018067,0,0.09812814107868578
1128,0.01483270907050338,0,0.09812814107868578
1129,0.02820325769130172,0,0.09812814107868578
1130,0.08861209989512409,0,0.09812814107868578
1131,0.055408558122397755,0,0.09812814107868578
1132,0.07745765002554938,0,0.09812814107868578
1133,0.06393089843273325,0,0.09812814107868578
1134,0.07333700130537435,0,0.09812814107868578
1135,0.07219134438793795,0,0.09812814107868578
1136,0.10052202868455085,1,0.09812814107868578
1137,0.0897025605709052,0,0.09812814107868578
1138,0.07270572698769806,0,0.09812814107868578
1139,0.06650081184961842,0,0.09812814107868578
1140,0.054413109451646235,0,0.09812814107868578
1141,0.053906679710254535,0,0.09812814107868578
1142,0.08368951271265967,0,0.09812814107868578
1143,0.06641001445072581,0,0.09812814107868578
1144,0.07064255949325626,0,0.09812814107868578
1145,0.06663510766015357,0,0.09812814107868578
1146,0.07994032157714936,0,0.09812814107868578
1147,0.06556843835556503,0,0.09812814107868578
1148,0.01483270907050338,0,0.09812814107868578
1149,0.02820325769130172,0,0.09812814107868578
1150,0.10596949697323355,1,0.09812814107868578
1151,0.1103165744565131,1,0.09812814107868578
1152,0.01483270907050338,0,0.09812814107868578
1153,0.02820325769130172,0,0.09812814107868578
1154,0.07816933934501724,0,0.09812814107868578
1155,0.07011631553288411,0,0.09812814107868578
1156,0.09595406365403614,0,0.09812814107868578
1157,0.06437443083930894,0,0.09812814107868578
1158,0.09684378418185646,0,0.09812814107868578
1159,0.07601517218684495,0,0.09812814107868578
1160,0.01483270907050338,0,0.09812814107868578
1161,0.02820325769130172,0,0.09812814107868578
1162,0.08718652791210091,0,0.09812814107868578
1163,0.06746863709659212,0,0.09812814107868578
1164,0.08613761029028821,0,0.09812814107868578
1165,0.06709482842695202,0,0.09812814107868578
1166,0.08202198085197776,0,0.09812814107868578
1167,0.0576039339486587,0,0.09812814107868578
1168,0.08280012513363433,0,0.09812814107868578
1169,0.06401897692717018,0,0.09812814107868578
1170,0.08518080909342596,0,0.09812814107868578
1171,0.10046912673001207,1,0.09812814107868578
1172,0.08784071687419304,0,0.09812814107868578
1173,0.06866282953004643,0,0.09812814107868578
1174,0.01483270907050338,0,0.09812814107868578
1175,0.02820325769130172,0,0.09812814107868578
1176,0.08847119092528044,0,0.09812814107868578
1177,0.0753469270074405,0,0.09812814107868578
1178,0.01483270907050338,0,0.09812814107868578
1179,0.02820325769130172,0,0.09812814107868578
1180,0.01483270907050338,0,0.09812814107868578
1181,0.02820325769130172,0,0.09812814107868578
1182,0.07274691274398681,0,0.09812814107868578
1183,0.0697826406219193,0,0.09812814107868578
1184,0.07499827454918762,0,0.09812814107868578
1185,0.06939100140841137,0,0.09812814107868578
1186,0.01483270907050338,0,0.09812814107868578
1187,0.02820325769130172,0,0.09812814107868578
1188,0.01483270907050338,0,0.09812814107868578
1189,0.02820325769130172,0,0.09812814107868578
1190,0.07163077885771474,0,0.09812814107868578
1191,0.06346840290488098,0,0.09812814107868578
1192,0.01483270907050338,0,0.09812814107868578
1193,0.02820325769130172,0,0.09812814107868578
1194,0.08527776114189489,0,0.09812814107868578
1195,0.0680638872459356,0,0.09812814107868578
1196,0.08172993188119193,0,0.09812814107868578
1197,0.08080325917756848,0,0.09812814107868578
1198,0.08715465712909232,0,0.09812814107868578
1199,0.07928056583814369,0,0.09812814107868578
1200,0.13201444499743387,1,0.09812814107868578
1201,0.12257670078127592,1,0.09812814107868578
1202,0.01483270907050338,0,0.09812814107868578
1203,0.02820325769130172,0,0.09812814107868578
1204,0.01483270907050338,0,0.09812814107868578
1205,0.02820325769130172,0,0.09812814107868578
1206,0.08394008092147309,0,0.09812814107868578
1207,0.05894630522178057,0,0.09812814107868578
1208,0.01483270907050338,0,0.09812814107868578
1209,0.02820325769130172,0,0.09812814107868578
1210,0.01483270907050338,0,0.09812814107868578
1211,0.02820325769130172,0,0.09812814107868578
1212,0.0837555652161106,0,0.09812814107868578
1213,0.0656942978021241,0,0.09812814107868578
1214,0.01483270907050338,0,0.09812814107868578
1215,0.02820325769130172,0,0.09812814107868578
1216,0.08025318623115474,0,0.09812814107868578
1217,0.07115791921185088,0,0.09812814107868578
1218,0.12266017996754042,1,0.09812814107868578
1219,0.1283453712851772,1,0.09812814107868578
1220,0.12626923201949258,1,0.09812814107868578
1221,0.11875869785013415,1,0.09812814107868578
1222,0.08518755931039901,0,0.09812814107868578
1223,0.08573404218383796,0,0.09812814107868578
1224,0.0886585696681148,0,0.09812814107868578
1225,0.07210793746134814,0,0.09812814107868578
1226,0.0745173581529156,0,0.09812814107868578
1227,0.06103928911507295,0,0.09812814107868578
1228,0.1348906672450193,1,0.09812814107868578
1229,0.12864230538303656,1,0.09812814107868578
1230,0.09328339259516838,0,0.09812814107868578
1231,0.06474465137034047,0,0.09812814107868578
1232,0.1003903653718824,1,0.09812814107868578
1233,0.10042533984697088,1,0.09812814107868578
1234,0.07945923499997543,0,0.09812814107868578
1235,0.05928120646066315,0,0.09812814107868578
1236,0.01483270907050338,0,0.09812814107868578
1237,0.02820325769130172,0,0.09812814107868578
1238,0.08535624873246461,0,0.09812814107868578
1239,0.05998131931340944,0,0.09812814107868578
1240,0.01483270907050338,0,0.09812814107868578
1241,0.02820325769130172,0,0.09812814107868578
1242,0.07698921956533922,0,0.09812814107868578
1243,0.06955185378257289,0,0.09812814107868578
1244,0.01483270907050338,0,0.09812814107868578
1245,0.02820325769130172,0,0.09812814107868578
1246,0.11720303332523496,1,0.09812814107868578
1247,0.10095345659179766,1,0.09812814107868578
1248,0.07561176461810282,0,0.09812814107868578
1249,0.0639358289692552,0,0.09812814107868578
1250,0.01483270907050338,0,0.09812814107868578
1251,0.02820325769130172,0,0.09812814107868578
1252,0.01483270907050338,0,0.09812814107868578
1253,0.02820325769130172,0,0.09812814107868578
1254,0.01483270907050338,0,0.09812814107868578
1255,0.02820325769130172,0,0.09812814107868578
1256,0.11814003089126857,1,0.09812814107868578
1257,0.10009681634290934,1,0.09812814107868578
1258,0.01483270907050338,0,0.09812814107868578
1259,0.02820325769130172,0,0.09812814107868578
1260,0.07272695934006435,0,0.09812814107868578
1261,0.05524105342638563,0,0.09812814107868578
1262,0.08213688807511776,0,0.09812814107868578
1263,0.0796875782856179,0,0.09812814107868578
1264,0.10986261919178453,1,0.09812814107868578
1265,0.10486820184652967,1,0.09812814107868578
1266,0.08007599868498427,0,0.09812814107868578
1267,0.06635221433567962,0,0.09812814107868578
1268,0.07896067915930927,0,0.09812814107868578
1269,0.06906136760941028,0,0.09812814107868578
1270,0.01483270907050338,0,0.09812814107868578
1271,0.02820325769130172,0,0.09812814107868578
1272,0.01483270907050338,0,0.09812814107868578
1273,0.02820325769130172,0,0.09812814107868578
1274,0.12453737950170007,1,0.09812814107868578
1275,0.1267524893127644,1,0.09812814107868578
1276,0.11266518662538583,1,0.09812814107868578
1277,0.10594950234785372,1,0.09812814107868578
1278,0.09670498804874783,0,0.09812814107868578
1279,0.07189156009633502,0,0.09812814107868578
1280,0.01483270907050338,0,0.09812814107868578
1281,0.02820325769130172,0,0.09812814107868578
1282,0.01483270907050338,0,0.09812814107868578
1283,0.02820325769130172,0,0.09812814107868578
1284,0.01483270907050338,0,0.09812814107868578
1285,0.02820325769130172,0,0.09812814107868578
1286,0.07037701697731058,0,0.09812814107868578
1287,0.07278509592440296,0,0.09812814107868578
1288,0.01483270907050338,0,0.09812814107868578
1289,0.02820325769130172,0,0.09812814107868578
1290,0.08588846246961179,0,0.09812814107868578
1291,0.08521040088925214,0,0.09812814107868578
1292,0.01483270907050338,0,0.09812814107868578
1293,0.02820325769130172,0,0.09812814107868578
1294,0.01483270907050338,0,0.09812814107868578
1295,0.02820325769130172,0,0.09812814107868578
1296,0.01483270907050338,0,0.09812814107868578
1297,0.02820325769130172,0,0.09812814107868578
1298,0.01483270907050338,0,0.09812814107868578
1299,0.02820325769130172,0,0.09812814107868578
1300,0.09160214444190329,0,0.09812814107868578
1301,0.07905397596685937,0,0.09812814107868578
1302,0.07845554898394369,0,0.09812814107868578
1303,0.06864021770623863,0,0.09812814107868578
1304,0.01483270907050338,0,0.09812814107868578
1305,0.02820325769130172,0,0.09812814107868578
1306,0.10244074005002035,1,0.09812814107868578
1307,0.09757589514431175,0,0.09812814107868578
1308,0.10135846996311793,1,0.09812814107868578
1309,0.08456106368580552,0,0.09812814107868578
1310,0.01483270907050338,0,0.09812814107868578
1311,0.02820325769130172,0,0.09812814107868578
1312,0.01483270907050338,0,0.09812814107868578
1313,0.02820325769130172,0,0.09812814107868578
1314,0.07744228737264147,0,0.09812814107868578
1315,0.0557044378523055,0,0.09812814107868578
1316,0.09520458306944257,0,0.09812814107868578
1317,0.11015291229196877,1,0.09812814107868578
1318,0.01483270907050338,0,0.09812814107868578
1319,0.02820325769130172,0,0.09812814107868578
1320,0.08184693105839425,0,0.09812814107868578
1321,0.06780905415734906,0,0.09812814107868578
1322,0.01483270907050338,0,0.09812814107868578
1323,0.02820325769130172,0,0.09812814107868578
1324,0.09474233279979638,0,0.09812814107868578
1325,0.08295782892255321,0,0.09812814107868578
1326,0.08227099173754737,0,0.09812814107868578
1327,0.0685798950403379,0,0.09812814107868578
1328,0.08886897754932765,0,0.09812814107868578
1329,0.06250278362229722,0,0.09812814107868578
1330,0.06593056606320857,0,0.09812814107868578
1331,0.0664201201489053,0,0.09812814107868578
1332,0.09320866330518152,0,0.09812814107868578
1333,0.10301340376321122,1,0.09812814107868578
1334,0.01483270907050338,0,0.09812814107868578
1335,0.02820325769130172,0,0.09812814107868578
1336,0.01483270907050338,0,0.09812814107868578
1337,0.02820325769130172,0,0.09812814107868578
1338,0.09753835053961024,0,0.09812814107868578
1339,0.07902215739002394,0,0.09812814107868578
1340,0.01483270907050338,0,0.09812814107868578
1341,0.02820325769130172,0,0.09812814107868578
1342,0.08112314206284577,0,0.09812814107868578
1343,0.06338908221252082,0,0.09812814107868578
1344,0.01483270907050338,0,0.09812814107868578
1345,0.02820325769130172,0,0.09812814107868578
1346,0.07860675059477151,0,0.09812814107868578
1347,0.06913982536299201,0,0.09812814107868578
1348,0.08205014923444509,0,0.09812814107868578
1349,0.06939505973248616,0,0.09812814107868578
1350,0.07080019613178601,0,0.09812814107868578
1351,0.06763948710936385,0,0.09812814107868578
1352,0.01483270907050338,0,0.09812814107868578
1353,0.02820325769130172,0,0.09812814107868578
1354,0.01483270907050338,0,0.09812814107868578
1355,0.02820325769130172,0,0.09812814107868578
1356,0.10991405912282193,1,0.09812814107868578
1357,0.10290243360644835,1,0.09812814107868578
1358,0.06205807065951008,0,0.09812814107868578
1359,0.051945520728127526,0,0.09812814107868578
1360,0.07874105686724919,0,0.09812814107868578
1361,0.06546850858087383,0,0.09812814107868578
1362,0.01483270907050338,0,0.09812814107868578
1363,0.02820325769130172,0,0.09812814107868578
1364,0.08531287948600996,0,0.09812814107868578
1365,0.09063678275025511,0,0.09812814107868578
1366,0.09686939073935497,0,0.09812814107868578
1367,0.07087932520401485,0,0.09812814107868578
1368,0.12062873802783258,1,0.09812814107868578
1369,0.1193741159055709,1,0.09812814107868578
1370,0.07502487510218891,0,0.09812814107868578
1371,0.06460388549208795,0,0.09812814107868578
1372,0.09335258547031211,0,0.09812814107868578
1373,0.059169444915004754,0,0.09812814107868578
1374,0.09224385426906245,0,0.09812814107868578
1375,0.07837599344840007,0,0.09812814107868578
1376,0.06999891653320522,0,0.09812814107868578
1377,0.08500744047327347,0,0.09812814107868578
1378,0.09045986533974149,0,0.09812814107868578
1379,0.08049226486576899,0,0.09812814107868578
1380,0.09458886540382805,0,0.09812814107868578
1381,0.07433072543966757,0,0.09812814107868578
1382,0.08752649592861128,0,0.09812814107868578
1383,0.06282574294323184,0,0.09812814107868578
1384,0.01483270907050338,0,0.09812814107868578
1385,0.02820325769130172,0,0.09812814107868578
1386,0.07163150996282996,0,0.09812814107868578
1387,0.06243571968408235,0,0.09812814107868578
1388,0.07860740075190731,0,0.09812814107868578
1389,0.06777229397955742,0,0.09812814107868578
1390,0.01483270907050338,0,0.09812814107868578
1391,0.02820325769130172,0,0.09812814107868578
1392,0.07816217332613107,0,0.09812814107868578
1393,0.07013497756381915,0,0.09812814107868578
1394,0.10439862005503031,1,0.09812814107868578
1395,0.08017305486604986,0,0.09812814107868578
1396,0.08368951271265967,0,0.09812814107868578
1397,0.06641001445072581,0,0.09812814107868578
1398,0.01483270907050338,0,0.09812814107868578
1399,0.02820325769130172,0,0.09812814107868578
1400,0.07763199548404931,0,0.09812814107868578
1401,0.06375187251335701,0,0.09812814107868578
1402,0.088272672275851,0,0.09812814107868578
1403,0.06476280347003749,0,0.09812814107868578
1404,0.01483270907050338,0,0.09812814107868578
1405,0.02820325769130172,0,0.09812814107868578
1406,0.01483270907050338,0,0.09812814107868578
1407,0.02820325769130172,0,0.09812814107868578
1408,0.01483270907050338,0,0.09812814107868578
1409,0.02820325769130172,0,0.09812814107868578
1410,0.08179571945457376,0,0.09812814107868578
1411,0.07107398065074222,0,0.09812814107868578
1412,0.0944518748131753,0,0.09812814107868578
1413,0.07377971710878362,0,0.09812814107868578
1414,0.01483270907050338,0,0.09812814107868578
1415,0.02820325769130172,0,0.09812814107868578
1416,0.01483270907050338,0,0.09812814107868578
1417,0.02820325769130172,0,0.09812814107868578
1418,0.10116684036262735,1,0.09812814107868578
1419,0.10950896182868775,1,0.09812814107868578
1420,0.11132900441271198,1,0.09812814107868578
1421,0.1101026957172212,1,0.09812814107868578
1422,0.07439321746005612,0,0.09812814107868578
1423,0.06234765607671344,0,0.09812814107868578
1424,0.11729791297225056,1,0.09812814107868578
1425,0.115945617411636,1,0.09812814107868578
1426,0.01483270907050338,0,0.09812814107868578
1427,0.02820325769130172,0,0.09812814107868578
1428,0.01483270907050338,0,0.09812814107868578
1429,0.02820325769130172,0,0.09812814107868578
1430,0.06822497563350771,0,0.09812814107868578
1431,0.06751069222658479,0,0.09812814107868578
1432,0.09783599746114091,0,0.09812814107868578
1433,0.07181607850921923,0,0.09812814107868578
1434,0.01483270907050338,0,0.09812814107868578
1435,0.02820325769130172,0,0.09812814107868578
1436,0.07104256618330151,0,0.09812814107868578
1437,0.06217470647388357,0,0.09812814107868578
1438,0.08637177059118506,0,0.09812814107868578
1439,0.07295054253606703,0,0.09812814107868578
1440,0.0809884123838518,0,0.09812814107868578
1441,0.05630247957321943,0,0.09812814107868578
1442,0.08533751725368832,0,0.09812814107868578
1443,0.09751396610383467,0,0.09812814107868578
1444,0.08628798777950564,0,0.09812814107868578
1445,0.0761503221484382,0,0.09812814107868578
1446,0.0809083920991569,0,0.09812814107868578
1447,0.06811629421676979,0,0.09812814107868578
1448,0.0743601385986159,0,0.09812814107868578
1449,0.06198870383690969,0,0.09812814107868578
1450,0.08025318623115474,0,0.09812814107868578
1451,0.07115791921185088,0,0.09812814107868578
1452,0.01483270907050338,0,0.09812814107868578
1453,0.02820325769130172,0,0.09812814107868578
1454,0.09640400242816427,0,0.09812814107868578
1455,0.07881644016397771,0,0.09812814107868578
1456,0.01483270907050338,0,0.09812814107868578
1457,0.02820325769130172,0,0.09812814107868578
1458,0.01483270907050338,0,0.09812814107868578
1459,0.02820325769130172,0,0.09812814107868578
1460,0.07687885831202501,0,0.09812814107868578
1461,0.06650623877266226,0,0.09812814107868578
1462,0.11880681365198931,1,0.09812814107868578
1463,0.12786352917940502,1,0.09812814107868578
1464,0.01483270907050338,0,0.09812814107868578
1465,0.02820325769130172,0,0.09812814107868578
1466,0.10947362223600843,1,0.09812814107868578
1467,0.11258469844833896,1,0.09812814107868578
1468,0.01483270907050338,0,0.09812814107868578
1469,0.02820325769130172,0,0.09812814107868578
1470,0.11215101219938661,1,0.09812814107868578
1471,0.08775872272267193,0,0.09812814107868578
1472,0.09041742803458552,0,0.09812814107868578
1473,0.06396859872362781,0,0.09812814107868578
1474,0.10992731341833462,1,0.09812814107868578
1475,0.11133218146153212,1,0.09812814107868578
1476,0.08655810822609411,0,0.09812814107868578
1477,0.05991943842590408,0,0.09812814107868578
1478,0.07244686816178081,0,0.09812814107868578
1479,0.07120031811595762,0,0.09812814107868578
1480,0.07819036890928821,0,0.09812814107868578
1481,0.06741566124239284,0,0.09812814107868578
1482,0.07465740981370483,0,0.09812814107868578
1483,0.05847169067901192,0,0.09812814107868578
1484,0.01483270907050338,0,0.09812814107868578
1485,0.02820325769130172,0,0.09812814107868578
1486,0.01483270907050338,0,0.09812814107868578
1487,0.02820325769130172,0,0.09812814107868578
1488,0.11535910452743248,1,0.09812814107868578
1489,0.12226554115212629,1,0.09812814107868578
1490,0.06568649118444503,0,0.09812814107868578
1491,0.0690788929945344,0,0.09812814107868578
1492,0.07986927823738887,0,0.09812814107868578
1493,0.08481728714755965,0,0.09812814107868578
1494,0.01483270907050338,0,0.09812814107868578
1495,0.02820325769130172,0,0.09812814107868578
1496,0.08151709006039876,0,0.09812814107868578
1497,0.0600121840713449,0,0.09812814107868578
1498,0.07313758992588781,0,0.09812814107868578
1499,0.07186319544372877,0,0.09812814107868578
1500,0.0747807050870315,0,0.09812814107868578
1501,0.05803546904862966,0,0.09812814107868578
1502,0.01483270907050338,0,0.09812814107868578
1503,0.02820325769130172,0,0.09812814107868578
1504,0.09144185431544793,0,0.09812814107868578
1505,0.06398748436116686,0,0.09812814107868578
1506,0.01483270907050338,0,0.09812814107868578
1507,0.02820325769130172,0,0.09812814107868578
1508,0.01483270907050338,0,0.09812814107868578
1509,0.02820325769130172,0,0.09812814107868578
1510,0.01483270907050338,0,0.09812814107868578
1511,0.02820325769130172,0,0.09812814107868578
1512,0.09358691130428276,0,0.09812814107868578
1513,0.09829777895463376,1,0.09812814107868578
1514,0.0852622300649819,0,0.09812814107868578
1515,0.06443247591859225,0,0.09812814107868578
1516,0.08959647034251139,0,0.09812814107868578
1517,0.07974991073383375,0,0.09812814107868578
1518,0.09180559578533865,0,0.09812814107868578
1519,0.07490223033861365,0,0.09812814107868578
1520,0.01483270907050338,0,0.09812814107868578
1521,0.02820325769130172,0,0.09812814107868578
1522,0.07933324839417755,0,0.09812814107868578
1523,0.07000806422507644,0,0.09812814107868578
1524,0.07385301621785445,0,0.09812814107868578
1525,0.06966547713999116,0,0.09812814107868578
1526,0.08299600730976997,0,0.09812814107868578
1527,0.09366298153831876,0,0.09812814107868578
1528,0.12764291094899005,1,0.09812814107868578
1529,0.10644443907653178,1,0.09812814107868578
1530,0.01483270907050338,0,0.09812814107868578
1531,0.02820325769130172,0,0.09812814107868578
1532,0.01483270907050338,0,0.09812814107868578
1533,0.02820325769130172,0,0.09812814107868578
1534,0.01483270907050338,0,0.09812814107868578
1535,0.02820325769130172,0,0.09812814107868578
1536,0.01483270907050338,0,0.09812814107868578
1537,0.02820325769130172,0,0.09812814107868578
1538,0.07629939290023069,0,0.09812814107868578
1539,0.06437599098139235,0,0.09812814107868578
1540,0.10679598063048279,1,0.09812814107868578
1541,0.10987815327477146,1,0.09812814107868578
1542,0.10837624648263389,1,0.09812814107868578
1543,0.12307724963052846,1,0.09812814107868578
1544,0.06862493882382392,0,0.09812814107868578
1545,0.06578775091555011,0,0.09812814107868578
1546,0.01483270907050338,0,0.09812814107868578
1547,0.02820325769130172,0,0.09812814107868578
1548,0.01483270907050338,0,0.09812814107868578
1549,0.02820325769130172,0,0.09812814107868578
1550,0.01483270907050338,0,0.09812814107868578
1551,0.02820325769130172,0,0.09812814107868578
1552,0.08218391031231709,0,0.09812814107868578
1553,0.07469041536566712,0,0.09812814107868578
1554,0.08257178782716978,0,0.09812814107868578
1555,0.09582972730608907,0,0.09812814107868578
1556,0.01483270907050338,0,0.09812814107868578
1557,0.02820325769130172,0,0.09812814107868578
1558,0.0714917799553807,0,0.09812814107868578
1559,0.0622389260878744,0,0.09812814107868578
1560,0.08782382856090032,0,0.09812814107868578
1561,0.06237290941128293,0,0.09812814107868578
1562,0.06890531058944804,0,0.09812814107868578
1563,0.06422175056508728,0,0.09812814107868578
1564,0.09425432529032562,0,0.09812814107868578
1565,0.0823056285627044,0,0.09812814107868578
1566,0.06960870719553236,0,0.09812814107868578
1567,0.05698896879263071,0,0.09812814107868578
1568,0.07483156626183507,0,0.09812814107868578
1569,0.06342764208842055,0,0.09812814107868578
1570,0.01483270907050338,0,0.09812814107868578
1571,0.02820325769130172,0,0.09812814107868578
1572,0.01483270907050338,0,0.09812814107868578
1573,0.02820325769130172,0,0.09812814107868578
1574,0.01483270907050338,0,0.09812814107868578
1575,0.02820325769130172,0,0.09812814107868578
1576,0.09208663399424954,0,0.09812814107868578
1577,0.07943562954964578,0,0.09812814107868578
1578,0.1122313223181558,1,0.09812814107868578
1579,0.08225915188761823,0,0.09812814107868578
1580,0.08640978794889587,0,0.09812814107868578
1581,0.07897467584730045,0,0.09812814107868578
1582,0.06733066455279824,0,0.09812814107868578
1583,0.06524302136050497,0,0.09812814107868578
1584,0.08434935720745262,0,0.09812814107868578
1585,0.06080905518854074,0,0.09812814107868578
1586,0.08802331697099663,0,0.09812814107868578
1587,0.08946419570356223,0,0.09812814107868578
1588,0.08846533615365493,0,0.09812814107868578
1589,0.09708230559460718,0,0.09812814107868578
1590,0.07205095999241673,0,0.09812814107868578
1591,0.06935427068157862,0,0.09812814107868578
1592,0.1195415379869611,1,0.09812814107868578
1593,0.11445435154932637,1,0.09812814107868578
1594,0.09499817015753675,0,0.09812814107868578
1595,0.10676940377641386,1,0.09812814107868578
1596,0.10179751538602788,1,0.09812814107868578
1597,0.074113401119558,0,0.09812814107868578
1598,0.07047314052663023,0,0.09812814107868578
1599,0.06365548514591657,0,0.09812814107868578
1600,0.01483270907050338,0,0.09812814107868578
1601,0.02820325769130172,0,0.09812814107868578
1602,0.08683660725646314,0,0.09812814107868578
1603,0.06968533118017173,0,0.09812814107868578
1604,0.05140781149777274,0,0.09812814107868578
1605,0.057145762181094684,0,0.09812814107868578
1606,0.01483270907050338,0,0.09812814107868578
1607,0.02820325769130172,0,0.09812814107868578
1608,0.0800077067104521,0,0.09812814107868578
1609,0.06293218856779759,0,0.09812814107868578
1610,0.0735384266039959,0,0.09812814107868578
1611,0.06354644055715064,0,0.09812814107868578
1612,0.07608491060876565,0,0.09812814107868578
1613,0.07954516374946774,0,0.09812814107868578
1614,0.01483270907050338,0,0.09812814107868578
1615,0.02820325769130172,0,0.09812814107868578
1616,0.08641248712093241,0,0.09812814107868578
1617,0.09046813113266006,0,0.09812814107868578
1618,0.06624201760453785,0,0.09812814107868578
1619,0.06519065194725471,0,0.09812814107868578
1620,0.08547486439777885,0,0.09812814107868578
1621,0.07405748204433193,0,0.09812814107868578
1622,0.08409834163554475,0,0.09812814107868578
1623,0.06291887985404176,0,0.09812814107868578
1624,0.08214568600432348,0,0.09812814107868578
1625,0.07193131762839033,0,0.09812814107868578
1626,0.09404511424995299,0,0.09812814107868578
1627,0.0574590779324915,0,0.09812814107868578
1628,0.0921021902911523,0,0.09812814107868578
1629,0.07382290718258222,0,0.09812814107868578
1630,0.07641755827983399,0,0.09812814107868578
1631,0.06449131956869103,0,0.09812814107868578
1632,0.01483270907050338,0,0.09812814107868578
1633,0.02820325769130172,0,0.09812814107868578
1634,0.08003741654116237,0,0.09812814107868578
1635,0.07209968900677988,0,0.09812814107868578
1636,0.01483270907050338,0,0.09812814107868578
1637,0.02820325769130172,0,0.09812814107868578
1638,0.01483270907050338,0,0.09812814107868578
1639,0.02820325769130172,0,0.09812814107868578
1640,0.06835354151002604,0,0.09812814107868578
1641,0.060392016388671754,0,0.09812814107868578
1642,0.01483270907050338,0,0.09812814107868578
1643,0.02820325769130172,0,0.09812814107868578
1644,0.01483270907050338,0,0.09812814107868578
1645,0.02820325769130172,0,0.09812814107868578
1646,0.09029663818271072,0,0.09812814107868578
1647,0.08096393733691598,0,0.09812814107868578
1648,0.09955101767887642,1,0.09812814107868578
1649,0.10143856892854908,1,0.09812814107868578
1650,0.07582267516933372,0,0.09812814107868578
1651,0.06032554838622983,0,0.09812814107868578
1652,0.09271664488108144,0,0.09812814107868578
1653,0.05825309545529689,0,0.09812814107868578
1654,0.09083495251945051,0,0.09812814107868578
1655,0.08993474623804332,0,0.09812814107868578
1656,0.01483270907050338,0,0.09812814107868578
1657,0.02820325769130172,0,0.09812814107868578
1658,0.12792551812802422,1,0.09812814107868578
1659,0.10394446947907277,1,0.09812814107868578
1660,0.01483270907050338,0,0.09812814107868578
1661,0.02820325769130172,0,0.09812814107868578
1662,0.10623123054510775,1,0.09812814107868578
1663,0.10561898564719685,1,0.09812814107868578
1664,0.08309966520113587,0,0.09812814107868578
1665,0.062032289704111676,0,0.09812814107868578
1666,0.08623121901975672,0,0.09812814107868578
1667,0.0739640662081048,0,0.09812814107868578
1668,0.1246045412540504,1,0.09812814107868578
1669,0.11112427424537619,1,0.09812814107868578
1670,0.08456493803457654,0,0.09812814107868578
1671,0.07068047353993034,0,0.09812814107868578
1672,0.08775080554134895,0,0.09812814107868578
1673,0.07363554303845676,0,0.09812814107868578
1674,0.01483270907050338,0,0.09812814107868578
1675,0.02820325769130172,0,0.09812814107868578
1676,0.06839464846945853,0,0.09812814107868578
1677,0.06687660148310381,0,0.09812814107868578
1678,0.07860675059477151,0,0.09812814107868578
1679,0.06913982536299201,0,0.09812814107868578
1680,0.0891758708253213,0,0.09812814107868578
1681,0.0779343924687359,0,0.09812814107868578
1682,0.08618380247204571,0,0.09812814107868578
1683,0.07475592890347804,0,0.09812814107868578
1684,0.07302088263905948,0,0.09812814107868578
1685,0.06092013154219478,0,0.09812814107868578
1686,0.01483270907050338,0,0.09812814107868578
1687,0.02820325769130172,0,0.09812814107868578
1688,0.0758762123716532,0,0.09812814107868578
1689,0.07984360412123959,0,0.09812814107868578
1690,0.09595800323540693,0,0.09812814107868578
1691,0.07912264973969374,0,0.09812814107868578
1692,0.08479969037632495,0,0.09812814107868578
1693,0.07438839992949098,0,0.09812814107868578
1694,0.08455725196441122,0,0.09812814107868578
1695,0.0556672559319783,0,0.09812814107868578
1696,0.01483270907050338,0,0.09812814107868578
1697,0.02820325769130172,0,0.09812814107868578
1698,0.06953710533187296,0,0.09812814107868578
1699,0.07288888042484121,0,0.09812814107868578
1700,0.09555448608716632,0,0.09812814107868578
1701,0.08016160266625882,0,0.09812814107868578
1702,0.01483270907050338,0,0.09812814107868578
1703,0.02820325769130172,0,0.09812814107868578
1704,0.01483270907050338,0,0.09812814107868578
1705,0.02820325769130172,0,0.09812814107868578
1706,0.01483270907050338,0,0.09812814107868578
1707,0.02820325769130172,0,0.09812814107868578
1708,0.01483270907050338,0,0.09812814107868578
1709,0.02820325769130172,0,0.09812814107868578
1710,0.06879286125561401,0,0.09812814107868578
1711,0.08035437899389641,0,0.09812814107868578
1712,0.0835923932332544,0,0.09812814107868578
1713,0.06819335598498433,0,0.09812814107868578
1714,0.06638778471572848,0,0.09812814107868578
1715,0.07825985634090582,0,0.09812814107868578
1716,0.11183029351642515,1,0.09812814107868578
1717,0.12028166900363102,1,0.09812814107868578
1718,0.01483270907050338,0,0.09812814107868578
1719,0.02820325769130172,0,0.09812814107868578
1720,0.11214093686197169,1,0.09812814107868578
1721,0.11817689431559175,1,0.09812814107868578
1722,0.1106199866315618,1,0.09812814107868578
1723,0.10204369163432037,1,0.09812814107868578
1724,0.01483270907050338,0,0.09812814107868578
1725,0.02820325769130172,0,0.09812814107868578
1726,0.01483270907050338,0,0.09812814107868578
1727,0.02820325769130172,0,0.09812814107868578
1728,0.11212169889684287,1,0.09812814107868578
1729,0.11229861423388665,1,0.09812814107868578
1730,0.10498665110543715,1,0.09812814107868578
1731,0.12291897527632945,1,0.09812814107868578
1732,0.08393759763115993,0,0.09812814107868578
1733,0.07049818111139228,0,0.09812814107868578
1734,0.08585126202735416,0,0.09812814107868578
1735,0.06208512997135607,0,0.09812814107868578
1736,0.08479969037632495,0,0.09812814107868578
1737,0.07438839992949098,0,0.09812814107868578
1738,0.01483270907050338,0,0.09812814107868578
1739,0.02820325769130172,0,0.09812814107868578
1740,0.01483270907050338,0,0.09812814107868578
1741,0.02820325769130172,0,0.09812814107868578
1742,0.10156521738069424,1,0.09812814107868578
1743,0.10740100394369556,1,0.09812814107868578
1744,0.01483270907050338,0,0.09812814107868578
1745,0.02820325769130172,0,0.09812814107868578
1746,0.01483270907050338,0,0.09812814107868578
1747,0.02820325769130172,0,0.09812814107868578
1748,0.01483270907050338,0,0.09812814107868578
1749,0.02820325769130172,0,0.09812814107868578
1750,0.01483270907050338,0,0.09812814107868578
1751,0.02820325769130172,0,0.09812814107868578
1752,0.10359591850758687,1,0.09812814107868578
1753,0.11150589761755003,1,0.09812814107868578
1754,0.0719706918731593,0,0.09812814107868578
1755,0.07024255977816884,0,0.09812814107868578
1756,0.09988548476871528,1,0.09812814107868578
1757,0.07604212145010392,0,0.09812814107868578
1758,0.08698789222059988,0,0.09812814107868578
1759,0.07395936276751769,0,0.09812814107868578
1760,0.01483270907050338,0,0.09812814107868578
1761,0.02820325769130172,0,0.09812814107868578
1762,0.09678172272789409,0,0.09812814107868578
1763,0.07433129476322453,0,0.09812814107868578
1764,0.09157947927669796,0,0.09812814107868578
1765,0.07900841229677391,0,0.09812814107868578
1766,0.06462563113045783,0,0.09812814107868578
1767,0.05517500022159294,0,0.09812814107868578
1768,0.01483270907050338,0,0.09812814107868578
1769,0.02820325769130172,0,0.09812814107868578
1770,0.09190919088622229,0,0.09812814107868578
1771,0.07815293630469389,0,0.09812814107868578
1772,0.07374184268102768,0,0.09812814107868578
1773,0.08863623686805788,0,0.09812814107868578
1774,0.12416219876819978,1,0.09812814107868578
1775,0.11552370387944888,1,0.09812814107868578
1776,0.01483270907050338,0,0.09812814107868578
1777,0.02820325769130172,0,0.09812814107868578
1778,0.07659251747869189,0,0.09812814107868578
1779,0.06272141549300558,0,0.09812814107868578
1780,0.08416018220498445,0,0.09812814107868578
1781,0.07346361621789277,0,0.09812814107868578
1782,0.09881453580872301,1,0.09812814107868578
1783,0.1098259888123968,1,0.09812814107868578
1784,0.01483270907050338,0,0.09812814107868578
1785,0.02820325769130172,0,0.09812814107868578
1786,0.01483270907050338,0,0.09812814107868578
1787,0.02820325769130172,0,0.09812814107868578
1788,0.11472550086694056,1,0.09812814107868578
1789,0.11996742246368253,1,0.09812814107868578
1790,0.08630661832168263,0,0.09812814107868578
1791,0.06332448256331447,0,0.09812814107868578
1792,0.09335258547031211,0,0.09812814107868578
1793,0.059169444915004754,0,0.09812814107868578
1794,0.01483270907050338,0,0.09812814107868578
1795,0.02820325769130172,0,0.09812814107868578
1796,0.1025138956585877,1,0.09812814107868578
1797,0.10126933455633735,1,0.09812814107868578
1798,0.01483270907050338,0,0.09812814107868578
1799,0.02820325769130172,0,0.09812814107868578
1800,0.1045019176908425,1,0.09812814107868578
1801,0.11618382633430269,1,0.09812814107868578
1802,0.07620348977362579,0,0.09812814107868578
1803,0.06256155178784528,0,0.09812814107868578
1804,0.08112098014306612,0,0.09812814107868578
1805,0.06350227560202104,0,0.09812814107868578
1806,0.08132944334966674,0,0.09812814107868578
1807,0.06412538199130213,0,0.09812814107868578
1808,0.09091424730881581,0,0.09812814107868578
1809,0.07326853631081875,0,0.09812814107868578
1810,0.08456493803457654,0,0.09812814107868578
1811,0.07068047353993034,0,0.09812814107868578
1812,0.08512353274791928,0,0.09812814107868578
1813,0.06142781874590508,0,0.09812814107868578
1814,0.08393759763115993,0,0.09812814107868578
1815,0.07049818111139228,0,0.09812814107868578
1816,0.0831073430747673,0,0.09812814107868578
1817,0.07671793805571003,0,0.09812814107868578
1818,0.01483270907050338,0,0.09812814107868578
1819,0.02820325769130172,0,0.09812814107868578
1820,0.01483270907050338,0,0.09812814107868578
1821,0.02820325769130172,0,0.09812814107868578
1822,0.08434935720745262,0,0.09812814107868578
1823,0.06080905518854074,0,0.09812814107868578
1824,0.01483270907050338,0,0.09812814107868578
1825,0.02820325769130172,0,0.09812814107868578
1826,0.08339430793825131,0,0.09812814107868578
1827,0.07124882147281386,0,0.09812814107868578
1828,0.06865664669186122,0,0.09812814107868578
1829,0.07594581508666765,0,0.09812814107868578
1830,0.07394481519171225,0,0.09812814107868578
1831,0.062126792930499386,0,0.09812814107868578
1832,0.1160966030176731,1,0.09812814107868578
1833,0.11601255372876018,1,0.09812814107868578
1834,0.01483270907050338,0,0.09812814107868578
1835,0.02820325769130172,0,0.09812814107868578
1836,0.07178240972829875,0,0.09812814107868578
1837,0.06914146974936541,0,0.09812814107868578
1838,0.07194570295307445,0,0.09812814107868578
1839,0.0816023783812776,0,0.09812814107868578
1840,0.07731123213589819,0,0.09812814107868578
1841,0.06285394248304033,0,0.09812814107868578
1842,0.07849625671331006,0,0.09812814107868578
1843,0.06440279400450599,0,0.09812814107868578
1844,0.01483270907050338,0,0.09812814107868578
1845,0.02820325769130172,0,0.09812814107868578
1846,0.08655810822609411,0,0.09812814107868578
1847,0.05991943842590408,0,0.09812814107868578
1848,0.0714596738540868,0,0.09812814107868578
1849,0.06637494884897832,0,0.09812814107868578
1850,0.08214568600432348,0,0.09812814107868578
1851,0.07193131762839033,0,0.09812814107868578
1852,0.07737771789753622,0,0.09812814107868578
1853,0.06950427613657328,0,0.09812814107868578
1854,0.09155571655572525,0,0.09812814107868578
1855,0.0888186449930225,0,0.09812814107868578
1856,0.06673030271784108,0,0.09812814107868578
1857,0.05941357804624858,0,0.09812814107868578
1858,0.0812164121214014,0,0.09812814107868578
1859,0.07889186585083374,0,0.09812814107868578
1860,0.07577834185872123,0,0.09812814107868578
1861,0.0572808613976189,0,0.09812814107868578
1862,0.07410488411232652,0,0.09812814107868578
1863,0.0954157936671638,0,0.09812814107868578
1864,0.01483270907050338,0,0.09812814107868578
1865,0.02820325769130172,0,0.09812814107868578
1866,0.12172758037390863,1,0.09812814107868578
1867,0.13015337356964107,1,0.09812814107868578
1868,0.01483270907050338,0,0.09812814107868578
1869,0.02820325769130172,0,0.09812814107868578
1870,0.09848316461394824,1,0.09812814107868578
1871,0.08637211579393178,0,0.09812814107868578
1872,0.10098447766066743,1,0.09812814107868578
1873,0.08828451234782508,0,0.09812814107868578
