tsne-1,tsne-2,cluster
-19.89585,-3.0206027,0
4.7550783,23.575794,2
-19.877295,-3.0177917,0
-19.99337,-3.2151413,0
-19.888464,-3.0148563,0
3.847309,-39.81659,0
-19.737835,-1.5835085,0
-19.770903,-1.5679404,0
-19.76046,-1.5853317,0
-19.887487,-3.0124557,0
-19.797314,-1.5570674,0
-19.911884,-3.0253534,0
2.50986,28.440807,0
-19.816818,-1.5638957,0
-1.6250635,-37.50864,0
-19.892262,-3.0140874,0
-19.974434,-3.0915983,0
-19.653036,-2.948475,0
-19.758148,-1.5876973,0
-8.355973,38.127144,0
-19.797506,-1.5571344,0
-19.83669,-2.979176,0
1.3266375,28.506744,0
21.587856,11.6827755,0
16.718557,0.0981974,0
-19.801786,-1.5511343,0
36.42831,-9.86675,0
-8.77616,37.42203,0
14.668631,-25.324463,0
-1.2626096,22.078548,1
-19.76432,-1.5670394,0
-19.4091,-2.3775134,0
-20.509031,-1.2892194,0
39.386772,3.3110025,0
-20.730217,-2.5018227,0
33.925785,-12.536137,0
-20.663746,-3.376939,0
15.330579,-2.305126,0
-20.844769,-1.4063821,0
-21.558956,-1.8090085,0
48.59189,-0.8954662,1
2.2482204,28.148727,0
-12.77202,37.013847,0
-20.570578,-1.2698756,0
16.946634,22.769289,0
-19.793829,-2.249159,0
18.46955,20.773233,0
-20.836395,-1.3093534,0
39.94857,3.0676126,0
-1.7253904,20.341099,1
-20.675825,-1.9007185,0
14.062787,-34.935883,0
43.281467,-4.7316365,0
2.186509,29.183092,0
41.251972,1.4036912,0
2.6432533,-20.500513,2
37.781933,3.8161402,0
-22.082005,-2.3888102,0
-1.6341978,-37.514297,0
-20.889936,-1.4172494,0
-19.569216,-2.3500805,0
6.9376936,-40.368324,0
-30.78956,21.697802,0
-21.604963,-1.9761653,0
-19.920006,-2.6369567,0
10.730348,-9.463573,1
-20.282335,-2.6336565,0
25.13772,12.323288,0
25.481192,-11.116619,0
42.168476,-6.3438687,0
31.477705,2.6365123,0
-20.66713,-2.5115957,0
30.774265,2.879084,0
20.33726,-2.585421,0
-21.551311,-2.0273712,0
11.075451,-39.32956,0
-19.525274,-2.3388956,0
46.174488,1.1864445,1
-21.589394,-2.5175352,0
-20.79608,-3.77599,0
-20.631077,-1.9099044,0
8.038481,-37.460346,0
5.333677,13.64603,2
10.913269,10.386651,2
-20.83925,-1.871025,0
21.446686,23.870525,0
-21.605335,-2.5519197,0
-20.818726,-3.5075407,0
-20.814583,-2.9663255,0
-20.769213,-3.1626737,0
-20.723576,-2.5030065,0
-20.814148,-1.2199131,0
-21.484951,-2.9650745,0
4.875588,-25.04498,2
8.164883,-40.335033,0
-20.688828,-2.5174837,0
-21.57652,-2.5499978,0
20.362003,25.099777,0
8.761499,-37.208633,0
-12.387683,33.711823,0
10.65709,-7.352987,1
-20.876194,-3.7322364,0
14.583475,-26.131416,0
37.463272,3.77697,0
-20.602644,-1.9222785,0
-14.251132,33.657104,0
9.25628,31.623713,0
5.681052,13.2728405,2
13.845346,43.636444,1
-21.826841,-2.366683,0
-20.828196,-3.6829123,0
24.38534,-14.312088,0
-20.570284,-1.3904057,0
6.210816,48.29982,2
-20.632349,-1.9164622,0
17.243202,22.559465,0
-21.519165,-2.5272582,0
49.04808,-1.2763399,1
-12.412769,38.283264,0
-20.572456,-1.2856964,0
-20.651232,-2.5212524,0
35.919746,-10.853017,0
47.569664,-2.6364365,1
-21.574717,-3.0926518,0
-20.658537,-1.9477363,0
14.597414,-25.40309,0
-21.782936,-2.1002524,0
42.394737,-5.9964385,0
-20.790775,-1.3650352,0
-4.1341224,-35.09266,0
-0.8413359,26.555428,1
-20.694307,-2.5153282,0
-20.805475,-3.4859784,0
25.516502,8.759057,0
-21.579617,-1.8413681,0
24.877317,12.580804,0
11.120057,-15.2973995,0
-20.945843,-1.4299766,0
30.280098,-11.667478,0
-20.61751,-1.896548,0
-20.6427,-2.9535913,0
-19.70827,-2.234869,0
11.692413,-13.1224165,0
-20.89419,-1.398617,0
-20.962313,-2.3994067,0
-19.95415,-2.4874125,0
-20.789297,-1.1736276,0
-20.92392,-2.3057694,0
11.664185,-12.712096,0
-20.777311,-3.4274223,0
14.960855,-32.927864,0
-20.478313,-1.3027282,0
-19.776657,-2.066965,0
-20.744036,-1.2935057,0
-20.95347,-1.419077,0
-12.363628,34.263206,0
33.288063,20.326004,0
15.653356,44.642933,1
-20.670393,-2.5007176,0
-20.673445,-2.5003262,0
-21.73613,-2.0272632,0
-21.55563,-2.5142355,0
-20.633507,-2.7529037,0
-20.578959,-1.9156865,0
22.530972,-15.769035,0
10.818453,-39.45937,0
-40.716354,-1.2943349,0
-23.17879,4.925762,0
-20.844658,-2.9153144,0
-26.164652,19.650623,0
32.1216,2.4787288,0
-21.898775,-2.1268687,0
11.160553,-15.351819,0
-20.839388,-3.720884,0
2.5368283,14.184034,1
-21.714159,0.50831336,0
18.272905,43.512886,1
-3.3774881,-32.2406,0
-17.877249,-12.8621855,0
36.0504,-15.910088,0
-31.30131,-7.091864,0
8.862183,48.444096,2
8.703825,10.740102,2
35.52886,-16.145178,0
5.681281,-25.533796,2
49.895813,-2.826218,1
-19.364815,-12.866715,0
-20.561153,-2.9358032,0
-12.544337,32.943363,0
-25.6465,-18.13443,0
-33.27798,16.813839,0
9.177151,46.053963,2
-12.498108,33.15578,0
-22.876434,-1.8495973,0
-20.338346,-3.2916982,0
-20.178648,12.518853,0
16.433609,-7.297804,2
-3.2175772,-31.083714,0
-30.823751,17.66621,0
36.00628,3.2703333,0
36.808918,-9.980702,0
-28.875324,19.076189,0
-3.4093113,-33.4594,0
18.778364,-34.816025,0
16.607302,0.30371204,0
19.593378,20.698372,0
-21.573076,-2.572346,0
-20.546331,-1.2810218,0
28.81297,8.770761,0
-20.674467,-2.505324,0
-2.0289447,25.093906,1
18.677353,-35.21366,0
-20.442507,-2.4224472,0
12.4036045,-15.553598,0
8.782305,10.503621,2
-20.782705,-3.538322,0
-22.31964,-9.965513,0
37.417194,-10.127557,0
9.514752,44.900787,2
16.785189,22.527239,0
-16.248196,-3.3648942,0
-35.85792,6.9204893,0
13.025292,31.411577,0
-32.54353,-9.484892,0
2.7999551,-22.440699,2
11.4296255,10.256356,2
-1.9388725,20.967257,1
18.804003,-34.752792,0
25.32585,17.631067,0
27.994217,-11.578115,0
-16.297615,-7.7630086,0
-7.0230966,-13.555245,0
18.870432,21.695145,0
8.687153,45.757065,2
-34.46752,-8.94937,0
9.594762,31.763788,0
7.941902,29.418148,0
-25.742111,-5.0772953,0
18.951134,43.927666,1
-17.181316,6.3766713,0
12.251357,41.88394,1
-12.623723,17.578405,0
-22.43853,-5.6411247,0
13.932873,-35.704746,0
-10.616199,8.849819,0
-31.171947,-1.8405263,0
-25.032812,-7.4792576,0
-31.220947,6.9150996,0
-17.087337,-0.14201462,0
13.402053,43.223095,1
-29.33218,6.6614776,0
-16.201319,-8.880382,0
27.027079,-11.169223,0
48.71501,-0.77178514,1
28.885862,-11.675895,0
-19.977928,-6.778976,0
17.934841,-2.0558956,0
-4.7795405,-2.7070904,0
40.048965,3.0576947,0
-7.1761217,-3.0622282,0
9.053988,41.53258,2
38.24494,3.6716177,0
11.447721,-14.819549,0
-3.4119406,-33.39501,0
31.337461,2.6761386,0
-6.684928,-4.96812,0
18.316967,43.476414,1
-1.6175725,-1.7307775,0
-2.1880572,-4.88202,0
16.568861,0.22672682,0
-2.7267535,2.6220846,0
-3.332703,-0.7998325,0
-4.3206143,-2.0349877,0
-5.3695154,-4.9466853,0
-4.0118375,-7.2405453,0
17.080906,-37.747593,0
17.205126,28.579788,0
7.1003175,-40.24584,0
-3.1345227,-3.5649865,0
3.4324741,-18.65022,2
9.290876,-39.995754,0
0.3997258,-2.672736,0
3.1806266,13.468384,1
-0.25962418,1.4461266,0
-2.1298747,-3.6514707,0
-11.995387,38.759563,0
-6.6025596,-1.353849,0
-4.998221,-0.9511996,0
-7.6452284,-17.724,0
5.937384,27.359583,0
16.704107,27.477468,0
24.774643,11.458019,0
9.152676,46.277454,2
-19.882107,3.5861413,0
-23.839758,-15.630494,0
-22.023567,6.5519776,0
-23.277672,0.62476283,0
-21.304878,-8.94453,0
11.907652,32.31048,0
-15.121217,-15.808325,0
25.917286,7.094241,0
14.99306,-24.82386,0
-25.267933,-5.20479,0
-23.266134,-6.8553987,0
16.763754,27.484718,0
-7.404201,5.761976,0
-26.89771,9.217174,0
4.348973,-17.919733,2
-26.923586,10.38292,0
-20.833067,-6.1888824,0
4.413352,22.47573,2
5.028433,24.561857,2
-20.040817,2.2881315,0
-40.958336,0.6201469,0
-40.41712,-13.055544,0
31.394827,2.6760576,0
-13.805628,-5.243613,0
5.308382,13.612595,2
-27.865166,-20.188274,0
-13.856373,-6.6207848,0
-18.323294,-11.825668,0
3.2893667,-18.878115,2
-34.37873,2.4621162,0
22.103386,12.564906,0
-27.64767,-11.308773,0
-24.61068,-18.95344,0
-21.96548,-3.7625413,0
-16.363241,-3.2291687,0
-28.803108,7.8712907,0
-19.9552,-7.3299823,0
15.872896,-0.31648603,0
-16.231943,-15.630499,0
-20.78384,-7.0476155,0
-32.39077,-22.612421,0
9.529647,10.489279,2
4.9978375,-25.149364,2
-25.81168,-6.2530594,0
-18.50542,13.848452,0
-20.351505,-9.98853,0
17.987972,26.85125,0
9.009955,41.616367,2
-13.307176,-17.02442,0
-17.257744,-8.179409,0
12.922998,-36.290573,0
3.8807335,-24.112974,2
2.9256322,14.483435,1
-34.264584,3.3410447,0
-11.268282,-16.370762,0
-3.162452,-15.325792,0
-15.596653,-10.586455,0
27.013527,12.314076,0
6.078051,31.109787,0
14.709269,-3.3138554,0
-29.53186,-6.5300407,0
-12.235453,-6.7677455,0
-18.197706,-6.3701997,0
-26.964453,-5.2738514,0
-31.034304,5.9342966,0
-31.589144,-9.424379,0
20.359371,25.118904,0
25.411884,-11.215358,0
-16.841948,2.6480856,0
-22.848228,-0.77147555,0
-15.578517,-23.064014,0
38.591297,-10.344612,0
-12.5561695,4.432421,0
-12.514189,33.072933,0
-14.527017,-8.6157255,0
-5.1986036,5.6008945,0
6.3828497,48.36249,2
-18.352463,-13.761438,0
36.67998,-15.553307,0
49.7293,-2.8048382,1
-33.70905,-21.242119,0
-15.281283,-14.040822,0
11.5807495,-13.428534,0
-24.58903,11.807443,0
-24.031967,-23.848103,0
13.70355,-24.73427,0
-23.223276,10.778908,0
-24.691298,1.2413315,0
6.1196423,-38.294994,0
-23.164589,-15.48966,0
19.160372,-4.525218,0
-27.689823,-8.945186,0
-23.85838,-11.902512,0
-3.387498,-33.181057,0
8.583878,-37.25401,0
-16.524605,-25.069649,0
6.811219,28.795992,0
22.571682,-21.716724,0
4.734917,-39.883812,0
-14.891756,8.408082,0
-11.60293,39.023434,0
22.490545,11.108016,0
-34.810524,6.429332,0
-28.33656,3.957623,0
-18.036774,-1.0762799,0
-12.494187,-4.3170834,0
4.387249,29.78385,0
-1.2889006,21.4361,1
34.31911,2.6852329,0
-26.913475,2.424327,0
37.604027,3.816109,0
-16.68732,-6.756094,0
25.43447,-11.104153,0
13.51792,-36.39175,0
16.1826,-28.28961,0
3.9742246,21.313023,2
16.323746,44.784744,1
-26.001215,5.9361286,0
-10.107167,0.5459848,0
15.129501,-24.87335,0
-13.00825,3.8190367,0
-21.697548,1.3475504,0
-13.258332,-4.060894,0
-18.84515,-14.5556555,0
-22.941929,18.2235,0
37.78178,-11.451603,0
-38.226006,-9.9660015,0
-7.84649,-13.247477,0
32.744976,-12.418308,0
-13.7035265,-0.78911084,0
12.329476,41.96205,1
47.08774,0.9879058,1
-10.396689,4.0892167,0
-17.423197,2.088353,0
16.602482,0.250677,0
-23.975183,-1.9831542,0
-20.006247,0.6749095,0
-7.2205353,8.211334,0
-22.589428,-12.3719845,0
-31.82373,-0.25810224,0
-18.237904,-9.194436,0
38.528862,3.5820324,0
23.029251,-15.14744,0
-14.199359,19.146511,0
13.545439,-35.71726,0
30.617079,2.9046953,0
-21.323664,-4.895953,0
14.909001,-24.979557,0
-21.515593,-0.3092136,0
22.076788,-18.33239,0
-30.34564,-16.212023,0
-0.660351,18.519527,1
22.154682,-19.269554,0
-8.885778,12.096355,0
-22.117561,4.554179,0
16.936857,-37.874393,0
36.7955,-15.473855,0
-16.402065,-3.2185712,0
-30.411657,14.570932,0
37.98038,3.7824082,0
25.32589,17.631096,0
-23.217716,5.525913,0
15.8474245,-32.23204,0
-11.765969,2.0642893,0
47.433693,-2.6966457,1
34.149807,-11.920482,0
8.091106,-25.474417,2
-11.354457,-4.0348983,0
-0.23596218,24.25656,1
-34.71552,15.110782,0
-20.824606,-5.1920815,0
-21.299616,-5.362836,0
-26.340122,-12.454317,0
-28.007528,2.2308283,0
27.01733,12.339886,0
-24.585194,-3.8645835,0
-31.142927,-2.4759998,0
-28.77345,-5.2494874,0
15.872646,-0.31363726,0
22.11499,12.065398,0
-22.5393,-7.799858,0
24.82061,11.588724,0
34.377937,2.7191904,0
10.783904,-8.699769,1
-17.518097,6.427473,0
-32.156094,-3.1791792,0
36.478447,-12.238041,0
17.846449,42.146084,1
-22.209726,-1.045701,0
47.67083,0.47771007,1
-28.500357,16.997467,0
-25.2111,-4.816413,0
-25.043215,-8.730145,0
-11.0337925,13.773637,0
-12.001501,-5.1969748,0
47.153023,0.9429057,1
-18.102686,-1.9709319,0
-16.543428,-12.485915,0
-25.26514,-5.7757506,0
2.5822542,-20.986233,2
-39.175377,0.50404227,0
-23.559355,6.228794,0
-16.415415,-1.5578494,0
14.561686,-26.48081,0
1.7638383,28.81804,0
-27.844652,-4.0029025,0
-15.15903,-6.114417,0
10.657401,-7.3523664,1
-25.588331,-3.3016393,0
19.162579,-4.5303335,0
3.501293,29.191418,0
-9.171605,-14.548157,0
-31.535748,3.5783494,0
-24.440601,-10.334144,0
-17.185854,-1.873038,0
18.891043,-1.1626179,0
-30.18315,-11.083849,0
-28.37883,-12.6867895,0
-17.387676,-12.336715,0
0.2606797,-0.95314217,0
-2.9192045,-1.3872646,0
-1.4606035,1.246482,0
-2.8327823,-6.6900907,0
5.5518103,-38.62817,0
43.18931,-4.85851,0
-1.7606734,25.458395,1
22.098473,-16.79364,0
-6.2990103,-1.5663602,0
-0.98943293,-0.6217102,0
4.3134513,12.495797,2
-3.329754,-31.528942,0
4.3978567,-17.88346,2
9.690328,31.583687,0
-5.2443404,-3.41632,0
22.556282,-21.115618,0
10.222257,-39.730095,0
34.054207,2.6266167,0
33.847942,-12.062153,0
-5.5088105,0.29182193,0
-6.8285036,-4.018744,0
3.6893547,20.468697,2
0.75990486,-2.0522013,0
1.1806103,-1.078775,0
0.7585172,-3.4753356,0
-6.689693,0.37975863,0
19.42158,21.023462,0
-3.948765,-6.23433,0
-1.7191803,-5.5289946,0
-2.2704751,-1.9300148,0
26.291058,5.961277,0
18.132397,-36.438046,0
-15.132587,-6.688522,0
-27.603249,8.343212,0
-12.360229,34.331528,0
-17.493155,16.71336,0
-19.068573,-9.679568,0
-9.096375,10.917413,0
-15.082577,0.4886367,0
11.668144,-12.831545,0
-10.358777,10.485034,0
5.7080936,26.824821,2
15.873208,-9.066636,2
-32.605366,1.1808224,0
36.879944,-11.87903,0
33.12953,19.686361,0
16.588085,-0.24739754,0
-35.445793,0.9760616,0
-30.15806,-6.128101,0
11.6806135,-38.494152,0
-8.884612,15.637612,0
4.3851113,22.461498,2
-27.505533,9.905714,0
-4.2829614,5.3479366,0
-35.305984,-15.828415,0
-21.742235,10.418454,0
38.7993,-10.360016,0
10.298835,41.399593,2
-21.446869,-5.0487676,0
-17.428656,-3.0576143,0
33.224274,22.39366,0
14.739794,44.165,1
22.072618,-17.010056,0
-20.250446,-5.443526,0
8.567681,42.379757,2
-26.612265,2.1892028,0
34.35273,2.7077281,0
-22.60871,9.995091,0
-3.3956678,-33.222553,0
-12.571247,32.781734,0
5.895133,27.319965,0
-23.896976,-10.728117,0
-14.027302,-2.0473063,0
-23.730452,-13.58856,0
-33.88275,-3.868928,0
-15.720191,-8.830882,0
16.41565,-38.22686,0
17.924397,-36.782284,0
6.5577826,12.388319,2
17.93956,-2.055636,0
-9.780132,-22.329182,0
4.6224275,23.187052,2
17.979538,42.26831,1
16.716318,22.85329,0
35.50512,-12.3948,0
-26.607666,-6.2309003,0
21.839691,-23.490213,0
13.77835,-0.43619752,0
-20.380762,-4.884586,0
8.629369,42.229797,2
-25.662268,6.520368,0
-36.894962,4.518122,0
-16.895765,2.468744,0
-15.370672,9.942112,0
34.785625,-12.290278,0
-7.016333,3.1878252,0
-1.8542184,20.700577,1
47.79025,0.31015885,1
19.168474,-4.5429506,0
4.4007607,-39.725918,0
-25.110292,-8.149528,0
-26.409647,-1.0339525,0
22.475647,-20.885279,0
11.4332905,-39.08499,0
-23.862326,7.2390513,0
34.220634,2.6881237,0
39.548702,3.280022,0
19.177317,43.956573,1
-23.625896,-12.413944,0
-36.55654,0.45130262,0
-21.861654,5.9977303,0
-10.228482,36.16648,0
-17.687933,-15.471939,0
-35.347454,2.6036534,0
-1.0560496,22.84238,1
-13.434417,2.3830945,0
8.640502,42.82841,2
-31.544283,-7.61638,0
-24.946087,10.304323,0
-26.666937,15.566273,0
-35.09254,3.917805,0
-24.027891,-3.1348188,0
-1.2763239,21.19177,1
-35.30513,8.107435,0
-17.040998,17.878653,0
-30.188654,-13.069041,0
-22.602648,7.821333,0
11.962473,41.483074,1
-3.4322367,-31.97068,0
-25.92835,-9.819792,0
-26.229383,-0.31901458,0
29.239708,-12.314252,0
-27.830355,-13.893946,0
2.7475145,-22.24098,2
3.193704,16.375744,2
35.45036,-16.175264,0
40.062874,-10.297773,0
33.724403,-12.449224,0
33.284386,2.1809452,0
-15.600507,1.1784314,0
2.869229,-22.677422,2
-17.58125,-3.870572,0
3.0152383,18.596684,2
-25.188246,-6.3443274,0
-21.595383,2.410971,0
2.8684733,-19.123251,2
-20.224714,0.6729002,0
-14.573311,2.0863943,0
-28.99936,-18.121353,0
-33.28597,-8.1302395,0
14.982486,44.30243,1
-18.644749,-24.952122,0
18.864103,-34.05511,0
-11.069946,9.67884,0
27.599985,-13.233539,0
5.2129316,-40.00504,0
-13.684488,-3.667707,0
-3.1484146,-30.709785,0
-31.819006,1.3584975,0
-2.2031195,-37.531506,0
-21.849792,-8.0809355,0
8.536436,42.51447,2
-28.153942,13.669878,0
-25.368444,-7.5119576,0
-23.118052,-12.757169,0
16.435429,-7.28593,2
-26.446138,-1.7257328,0
16.433706,-7.292124,2
-2.6949694,23.285364,1
7.058843,28.999113,0
-11.503394,1.361537,0
2.8407125,-22.58936,2
-13.330521,-7.701324,0
46.751495,1.0031059,1
-13.356147,-6.0787673,0
29.419016,3.2778478,0
28.806892,-11.719211,0
10.813085,-15.665211,0
-17.262491,-2.9492912,0
15.356351,-32.94281,0
-28.769571,-15.593188,0
-17.607126,-14.509709,0
-22.853052,4.131628,0
15.261617,-24.286325,0
10.100815,-7.258284,1
-1.2246825,26.11676,1
37.81478,-10.278835,0
-18.978912,-22.371553,0
4.0344925,14.957927,2
29.342579,-11.665028,0
-27.7147,11.901158,0
3.5998414,15.647305,2
-0.7962765,23.329985,1
-40.836437,2.168636,0
9.600406,-7.3538566,1
22.561502,-21.208904,0
-0.4863164,26.891022,1
-12.390318,1.8838062,0
6.631626,28.615166,0
11.279316,31.89027,0
-13.340178,-12.619182,0
22.084019,-18.671305,0
-29.580112,-9.486829,0
-8.017787,1.6726896,0
26.764668,-13.263293,0
11.446349,10.26217,2
28.872942,-13.597596,0
-9.535324,-3.5058758,0
5.7195926,11.724747,2
-20.38691,-5.004108,0
-23.75679,18.300909,0
-20.860744,-0.098006256,0
-16.593689,11.318645,0
-17.371746,0.4662747,0
9.6003895,-7.3562665,1
22.079655,-17.134935,0
26.830177,-12.57146,0
-36.93375,-1.2827095,0
-8.801651,-11.8951645,0
-25.38011,-3.95793,0
16.599802,22.897882,0
-33.217888,14.524733,0
-26.341137,-5.2706223,0
-25.145464,3.8163226,0
17.567276,27.285713,0
18.985931,21.622639,0
14.401159,-34.563984,0
-21.216711,-18.135616,0
6.3281026,11.919483,2
22.379051,-20.267778,0
32.232224,2.4342194,0
22.462885,-20.782658,0
3.066155,-23.061588,2
22.625546,-22.343756,0
22.477203,-20.955755,0
-30.118078,-10.196734,0
-12.356122,33.956047,0
-36.75694,-3.1000576,0
-30.650799,-0.016863098,0
32.118393,2.4784017,0
27.375412,-11.886629,0
-13.712477,-18.711159,0
48.74193,-0.85986793,1
-14.663787,2.2227466,0
-21.819736,-4.409196,0
-13.414512,4.731107,0
-11.749515,6.3577886,0
-16.472412,-8.083722,0
-15.860919,-21.615337,0
-35.20624,9.691422,0
-18.672728,0.54228306,0
-14.312995,-12.99079,0
-3.3504813,-33.446754,0
-16.66692,-14.992351,0
11.38826,-15.290806,0
18.592737,-35.497448,0
-4.9434843,-6.6592045,0
-7.1052494,-1.2420058,0
-1.0347365,-4.900648,0
-3.5468612,-0.1104461,0
-4.235951,-1.2657654,0
-5.858723,-5.183032,0
-1.7401607,-37.39799,0
-1.2579981,-2.8864384,0
4.278526,14.64662,2
0.654379,0.19082618,0
-3.189608,-0.18600634,0
-3.4931722,1.8967172,0
41.536907,1.2292747,0
47.163563,0.43520793,1
-3.7838516,-2.9226327,0
35.40722,-11.0582905,0
-2.8661165,-2.3923461,0
11.932866,-38.656742,0
-1.5761468,-0.7434937,0
-6.311045,-3.3739977,0
33.362774,2.1730142,0
-6.0248046,-0.3085805,0
-2.9506328,-2.8738425,0
-1.9390289,-6.358545,0
8.628229,-40.197212,0
-1.4828625,-4.1841393,0
-6.3216434,-2.5888155,0
10.025387,10.035703,2
-4.9439406,1.178639,0
-1.4271884,2.367641,0
26.723587,5.8110576,0
20.186798,2.0520139,0
-13.7713785,-16.08257,0
12.522323,42.160637,1
-10.624666,38.982582,0
-16.45909,14.493302,0
-28.340693,-5.2899446,0
29.181847,-11.712457,0
-26.281422,-3.0580697,0
5.751581,13.258473,2
15.280399,-22.217112,0
-23.37419,-3.9281435,0
21.626257,11.526779,0
-8.871796,-16.55019,0
15.004881,23.60437,0
13.906168,43.68469,1
-40.64462,-4.9964533,0
-12.363998,33.887386,0
-10.921429,-3.0560207,0
-22.107172,13.531314,0
48.07261,0.124310374,1
-33.61633,1.4603804,0
-24.040245,-9.029599,0
-10.607665,-9.554096,0
-26.852892,-1.3197231,0
20.641062,24.516253,0
-24.005844,1.5038471,0
10.754778,-7.827768,1
7.3559127,48.38529,2
41.728935,-6.9314394,0
-17.954231,1.6334257,0
-16.800909,0.73510516,0
11.659944,-38.890118,0
-16.21157,-13.874505,0
-23.127975,2.6079803,0
3.0354388,18.540794,2
-10.987,-1.2836833,0
-28.205656,15.0858555,0
6.592168,-40.33884,0
27.615158,-18.091772,1
5.3328457,-38.745686,0
-3.3236737,-33.149696,0
-41.92055,-7.214088,0
15.20914,-24.384785,0
14.502773,-34.444523,0
-34.349148,7.923094,0
-12.529507,33.00418,0
-23.195993,-9.372157,0
-20.170317,9.03191,0
-23.551798,1.2284374,0
-20.648516,-7.621199,0
8.716056,31.841005,0
9.082647,41.558002,2
-29.367039,-0.82482165,0
-27.115421,-14.696125,0
16.974026,22.555538,0
-10.840629,-0.15452588,0
-25.977306,-17.465546,0
4.5867,23.0057,2
14.716229,-3.3111486,0
5.022513,13.910622,2
-13.272309,-9.493636,0
-6.8977337,-9.2782955,0
7.315003,-25.570105,2
3.5296612,14.017572,2
-39.303204,3.9353237,0
-22.757402,-3.9180906,0
9.655808,30.330095,0
-6.3217006,-8.044122,0
28.876024,3.5009456,0
-20.628836,-4.859525,0
-4.422355,-34.630955,0
4.460595,22.694395,2
37.78245,-10.242387,0
-19.700413,6.2085323,0
-32.702316,6.1172404,0
-1.5989281,-37.50599,0
-12.485578,-14.118256,0
-18.365322,-3.2936594,0
-10.287519,-7.7611227,0
-23.052475,-1.8881922,0
-8.647773,-6.842086,0
-20.468863,2.3824303,0
-16.773087,1.3443353,0
5.7807045,27.071098,0
4.744287,-38.890354,0
-12.38071,34.697205,0
-9.627855,36.522705,0
-14.307711,-12.283505,0
-17.532322,-5.2365074,0
3.121555,18.999754,2
-19.011175,19.503939,0
-24.139357,-7.233446,0
-24.85579,-3.295362,0
3.3389301,19.711113,2
12.494373,30.826681,0
12.177176,-15.52432,0
40.66376,2.636503,0
28.477951,9.950177,0
35.7052,-9.848606,0
17.945248,26.169395,0
15.864376,-0.30516705,0
-35.16862,-10.60059,0
-25.556736,-16.292618,0
1.5808976,28.64609,0
13.265758,-6.74778,1
16.4788,44.593033,1
-42.659576,4.450486,0
22.45149,-20.670158,0
-2.6795604,23.155502,1
29.010973,-12.637149,0
37.40181,-11.603363,0
11.475276,-14.778398,0
-20.29224,20.801508,0
-29.426632,-8.235829,0
-26.346802,-4.6826663,0
0.12279831,24.811659,1
18.844791,-34.356125,0
-0.32894912,23.99221,1
-21.405163,-18.95789,0
-13.778345,-5.4347663,0
-10.287638,-2.4978478,0
7.8909492,31.649847,0
-18.647505,-3.8487277,0
13.81439,-24.93728,0
11.85593,10.161853,2
33.896576,-12.414284,0
-36.47161,-4.3261976,0
6.363703,-40.191696,0
21.58814,11.608234,0
-29.045494,-2.5765984,0
7.7709293,48.518913,2
-6.61191,13.23812,0
7.687826,48.48269,2
15.072585,-24.843334,0
-11.918899,5.1413846,0
37.89252,-6.1925597,0
9.127581,29.762766,0
-13.1048355,-5.036992,0
-26.21845,3.0373971,0
-22.309547,1.0966716,0
8.153741,-25.466787,0
-27.771763,-2.1088529,0
38.547077,3.6086516,0
-32.603996,-0.09225263,0
-12.553586,-5.9222565,0
-10.210776,38.9185,0
22.039953,-17.813917,0
9.468798,-7.339795,1
4.198379,21.92558,2
26.902905,-11.167149,0
13.060853,-36.659595,0
-25.957264,-8.689537,0
33.009808,2.2435272,0
-16.412815,-19.487574,0
25.023773,12.109092,0
-26.62752,-8.200635,0
-10.3907585,-10.248052,0
-10.812135,1.3292506,0
-33.686142,-17.169735,0
-23.22059,-3.7888045,0
-16.599907,-4.7572083,0
22.567394,-21.416235,0
-14.250699,-2.5983,0
38.772335,-10.331977,0
-12.771492,36.770237,0
-27.059261,-10.719237,0
34.581745,-9.754091,0
13.000392,42.74561,1
18.28044,43.419067,1
20.339571,-2.589861,0
-22.467306,-5.172585,0
-16.089787,-6.6762753,0
-33.413113,3.466977,0
6.2450085,12.651531,2
-17.24903,-1.3087052,0
-38.832485,-11.920234,0
32.085392,19.789505,0
-16.197811,-5.4926715,0
10.11826,31.770987,0
-16.628963,-1.4525194,0
-15.381945,-0.16767184,0
-1.2845498,21.74097,1
-29.809145,10.7247095,0
-29.669207,2.8311067,0
-11.444127,-10.022721,0
17.384758,42.675762,1
-15.667328,7.9965367,0
-29.208931,4.84415,0
-12.166652,38.581844,0
-23.530819,-5.83917,0
-11.744599,-7.692032,0
37.523197,-10.199202,0
-33.2721,-0.7156682,0
47.647858,-2.2061272,1
2.940329,18.177828,2
-21.22809,0.3642895,0
-42.32185,-9.047454,0
-35.471878,-3.2220843,0
-34.246094,-4.9492807,0
6.172018,11.49046,2
18.072136,-36.54891,0
28.821785,8.035863,0
-35.165047,-1.362002,0
-10.725673,-8.52971,0
-10.014318,11.973066,0
14.709269,-3.3138554,0
21.446733,23.87055,0
4.232061,13.371505,2
-18.900234,2.168834,0
16.300673,23.247232,0
20.333258,-2.583387,0
-16.152817,-2.1545806,0
-17.6504,4.3908486,0
-23.900682,-14.372987,0
13.264944,-35.388424,0
-18.235937,-20.045568,0
-24.899597,-22.003178,0
-24.340712,0.46886837,0
-19.554356,-14.669511,0
-22.153288,11.043314,0
3.9399214,-39.75014,0
6.017861,-25.595171,2
-12.369594,33.828636,0
-23.258387,9.900132,0
9.485109,-7.3700147,1
16.576088,0.28862968,0
-26.771614,-18.152147,0
-33.12448,-16.286417,0
-32.243847,8.109645,0
21.592924,11.722859,0
-3.2752812,-31.420986,0
-11.200681,39.039967,0
-17.453995,4.1884003,0
13.780312,-0.43496874,0
-30.041525,-5.387311,0
-18.265457,-1.1990564,0
26.739447,-13.351167,0
17.166176,-3.2431002,0
6.4699707,28.404179,0
-8.615025,38.400375,0
-2.4950123,22.336689,1
-29.693523,11.789338,0
-20.878754,2.3715518,0
-26.639023,-24.027554,0
18.847277,-34.53836,0
-40.1004,10.232921,0
-27.697725,0.67755437,0
-13.772574,-9.904415,0
-30.655334,-9.201452,0
-30.613005,-14.474524,0
-14.180928,6.0284233,0
18.842491,-34.36671,0
17.610464,27.228773,0
20.335718,2.1558387,0
22.636837,-22.282309,0
25.31306,-12.359688,0
-7.4722004,-8.299393,0
-0.16493015,27.181389,1
40.97825,2.2542832,0
-30.786543,21.69697,0
-14.662565,-4.2339497,0
49.91718,-2.825344,1
17.774494,27.139925,0
15.894366,-7.3063936,2
14.713185,-25.668552,0
19.16037,-4.52522,0
-28.775967,-7.1696033,0
32.746113,2.2433035,0
-25.355665,-25.310719,0
28.181255,5.1487017,0
-37.180447,-0.21632689,0
-8.700766,-21.179316,0
-12.223647,38.512405,0
-37.31203,9.992971,0
11.558775,31.537764,0
-19.687338,-4.8879046,0
18.004248,-36.66932,0
-18.073833,-4.8440475,0
22.641619,-15.555895,0
-30.43277,-17.532158,0
-1.641216,-37.523586,0
-26.849186,11.950092,0
47.10657,-2.9691286,1
-24.29455,4.6212068,0
16.066116,23.337545,0
-32.021774,10.366015,0
-24.186766,-2.9463997,0
29.368036,-11.548611,0
-19.709162,2.0131032,0
-25.35483,-0.028862515,0
-15.664581,-3.1183245,0
22.565847,-15.69096,0
22.42983,-16.004444,0
47.761982,0.399847,1
-8.20595,7.085913,0
4.4768677,22.677797,2
17.939564,-2.0556374,0
-33.433838,-1.7198852,0
-28.882133,4.3585606,0
-23.06582,-2.6125963,0
24.786856,11.489611,0
16.089745,-31.879183,0
-26.184158,-6.63505,0
-30.765663,-2.9870932,0
-4.406075,-34.7943,0
-20.37272,6.0635695,0
35.997997,-9.8669,0
-39.02415,-3.0777633,0
-24.540583,0.44860983,0
15.771771,44.767654,1
3.881634,-18.280006,2
-22.547487,-4.8961654,0
48.14883,0.021286748,1
-19.666397,-11.047451,0
33.24814,20.25975,0
28.168894,5.1747813,0
-16.119648,-16.549934,0
-29.723335,5.895695,0
-27.094109,-16.070204,0
-14.73386,-7.386302,0
18.49277,42.864834,1
-24.231474,-12.703291,0
-16.625813,-9.680343,0
5.1579103,25.215933,2
-14.568238,-7.972773,0
-23.640066,-1.7613156,0
-20.41995,-9.989984,0
-30.553076,-7.1960177,0
-22.28843,-3.3055174,0
-16.177366,9.759782,0
-23.671013,-6.4850235,0
-26.447308,0.35447228,0
-4.148632,-35.09656,0
2.590387,-21.035042,2
-1.1937734,19.472425,1
-15.38643,-1.1659364,0
-14.516686,12.67848,0
-23.1693,-14.239167,0
-40.731922,-3.514531,0
-12.391961,33.733517,0
-39.631954,6.6389513,0
-30.818102,21.66758,0
-33.254528,-4.703454,0
13.104319,42.906803,1
7.431515,31.058804,0
1.1236432,28.350271,0
-32.50217,-8.530713,0
3.167094,19.122025,2
-16.493406,6.1467853,0
-19.579256,-5.228648,0
-18.327932,6.5659876,0
-12.360293,-1.6118003,0
25.326115,17.631105,0
18.280266,42.834072,1
11.700366,-14.957252,0
-12.029496,7.8863487,0
-2.427592,24.447918,1
-35.42032,-8.056146,0
5.12865,30.722782,0
47.85726,0.3299707,1
47.5818,-2.380794,1
-9.047653,3.7087915,0
-12.849824,2.5399134,0
8.941666,41.77772,2
26.80896,5.8814588,0
12.063113,41.635277,1
-2.5782356,24.072092,1
-20.86334,-14.585622,0
-18.974758,2.7324402,0
28.87696,7.83944,0
11.759766,40.865826,1
-15.173663,-8.680391,0
-28.266502,7.6553793,0
11.255192,9.737371,2
14.116805,43.84253,1
-18.155622,-1.9733151,0
8.689656,42.138126,2
35.380123,-16.199799,0
-15.667864,2.3657124,0
-22.036768,-21.12387,0
-19.821161,-8.402977,0
1.197043,26.865274,1
-12.322901,38.39702,0
46.790977,0.99796075,1
2.6752295,-21.92508,2
36.852596,3.6419399,0
41.274933,1.5212929,0
-30.735033,1.6634973,0
-20.296684,-6.0692616,0
11.570314,-13.411796,0
-22.765484,-6.980804,0
14.061276,-35.41623,0
-1.9015326,-37.89051,0
11.50778,-15.797988,0
40.098717,3.0329828,0
47.34044,-2.2666984,1
34.220448,-12.356045,0
33.224216,22.393614,0
10.783798,-8.699091,1
17.772476,21.358677,0
13.265771,-6.747682,1
-9.435735,38.800278,0
-9.576119,-1.5052512,0
32.728813,13.81951,0
-27.783865,-9.4736,0
-16.014446,0.3755196,0
7.07153,31.438627,0
-21.813116,-4.7324266,0
-10.69588,-3.258843,0
-17.649792,0.77799845,0
-9.640238,6.288779,0
-9.03992,10.037058,0
-22.732813,3.2639637,0
-23.980648,-5.12972,0
12.156626,9.928333,2
38.146713,-10.3228245,0
-29.551443,-16.389082,0
20.359898,-2.5898132,0
-19.459826,-8.726071,0
-11.818571,-15.083594,0
-31.461517,2.7996097,0
-18.145622,-0.8012556,0
8.521944,42.605232,2
-17.477802,-5.9846387,0
50.42244,-2.9135344,1
18.332241,43.30161,1
-18.406656,-8.466501,0
48.065033,0.114346996,1
-19.320644,-4.673472,0
-25.729748,10.697442,0
-18.080717,-9.900283,0
-29.745104,3.7401369,0
-15.653472,-1.8345475,0
36.212776,-9.897865,0
19.000023,44.687332,1
41.616814,-7.057205,0
11.421701,-38.40426,0
-25.817972,15.608448,0
10.7132845,-39.283478,0
-30.700235,2.4530163,0
-3.294384,-35.51445,0
28.568699,9.871714,0
3.8862214,15.225327,2
4.670212,-24.885971,2
-12.563796,1.3820906,0
4.050267,-18.13126,2
-20.841475,-8.729456,0
-21.339437,3.5919006,0
-19.446854,-8.948476,0
-4.713193,-16.994616,0
28.458399,-11.530898,0
33.333416,21.087526,0
-21.746979,-24.22091,0
48.9753,-1.2462394,1
41.02206,1.4765015,0
-19.35179,4.7842684,0
18.803076,21.47946,0
-2.191046,-10.505461,0
-8.146842,-14.520189,0
16.16687,44.77776,1
5.3314147,-25.347118,2
6.6348634,30.77241,0
4.016782,21.3673,2
-27.959126,8.8124275,0
27.050205,5.7345114,0
-37.772045,-3.2756078,0
22.066196,-18.96691,0
36.184036,-12.304265,0
14.495031,44.051037,1
8.8752575,48.395863,2
42.601196,-5.7005095,0
-16.935673,-4.7768254,0
7.919331,11.492173,2
15.334404,-2.3035784,0
-9.598784,-6.9812107,0
-23.061075,17.143656,0
-24.021206,-7.5736694,0
14.578164,-25.975185,0
-27.81471,10.744052,0
2.9560359,18.119732,2
36.399902,-9.894763,0
5.2122617,-25.29144,2
10.570356,31.823143,0
-24.924252,23.339495,0
10.789493,-8.685351,1
-14.685756,16.52736,0
-18.466496,-13.074483,0
-22.314487,-1.066144,0
-15.853727,19.295376,0
-19.440409,-16.42783,0
2.2135167,15.440363,1
-16.512577,-18.232258,0
-19.926186,9.788749,0
0.25363806,25.059504,1
14.226187,43.91558,1
7.5067797,31.626099,0
22.232414,-19.683437,0
-5.114474,11.848794,0
-20.076372,5.4236126,0
-24.519289,-13.77427,0
-18.721735,-8.948722,0
-30.894167,-0.60737735,0
-9.8973,-12.87363,0
0.07247523,27.396843,1
30.342855,-11.712113,0
-18.069893,-2.7419727,0
23.531378,10.770207,0
18.954592,21.404642,0
16.583647,0.23435725,0
-5.204532,4.4606895,0
24.178003,12.562662,0
-18.210876,-7.9867663,0
-23.923235,-6.321388,0
-25.09529,-1.2625772,0
25.928772,7.0908732,0
21.932055,-23.380993,0
19.169924,21.194881,0
7.026078,30.926125,0
-1.1857308,22.364428,1
-35.85566,6.0426207,0
30.041105,-11.489931,0
25.492882,9.045102,0
40.873463,2.4381516,0
-29.621382,-22.578426,0
22.708239,11.026663,0
-8.076514,0.57966554,0
-38.019524,-0.005341795,0
16.638695,0.16672385,0
17.308187,-37.546726,0
9.202046,-40.092476,0
-18.616394,11.013362,0
2.725413,-22.15728,2
8.529743,42.71314,2
11.019075,31.609669,0
-17.335768,15.295146,0
37.824345,-6.4541388,0
13.485436,-34.948917,0
27.615152,-18.091814,1
-27.81464,4.97676,0
-11.028775,21.479053,0
17.165943,-3.242912,0
5.671524,-40.159615,0
-0.3143743,17.87834,1
-36.091473,-6.3389745,0
15.065101,-25.056553,0
-22.985071,-25.593163,0
-22.65504,-16.660057,0
42.549385,-5.7785726,0
8.864293,17.698729,0
-17.297636,-4.5056763,0
-34.21784,-19.718834,0
-14.945574,6.1770616,0
-30.822947,4.232339,0
-22.910482,6.2041245,0
-34.278122,-7.310663,0
5.83674,27.123436,0
-8.968144,-9.52952,0
-39.73608,-15.030154,0
-29.241354,2.5907445,0
36.203335,3.3030078,0
11.310157,-15.324111,0
42.272213,-6.196122,0
5.0790434,24.861444,2
2.620623,-20.659784,2
14.041509,43.78907,1
34.210682,2.6757321,0
-32.481434,-13.758398,0
22.055325,-17.988625,0
-16.096891,5.3466654,0
-3.730564,-9.851765,0
-3.302826,-35.47351,0
16.69737,-0.34051773,0
-6.898213,-10.400272,0
-8.535563,38.33755,0
3.788872,-24.009996,2
-17.562162,-0.072822094,0
-22.29685,-3.2908432,0
33.32992,21.106098,0
-31.741833,8.551618,0
-26.85252,4.31076,0
-9.928217,2.3139136,0
17.710209,28.535261,0
27.821045,-12.039732,0
-16.553461,-11.8604555,0
-20.536535,-10.788007,0
-20.842476,-6.752505,0
-24.569311,13.847889,0
35.55213,-12.180148,0
49.28616,-2.8206365,1
10.75479,-7.826264,1
3.5197318,-18.570469,2
-21.40186,-12.6028595,0
-9.857724,4.3280106,0
-22.329912,0.23645622,0
15.280915,44.423782,1
-27.73528,-7.0667377,0
4.3278313,22.230682,2
5.9902186,12.931347,2
-3.4011369,-33.20046,0
11.0426445,30.884312,0
-10.127363,-16.025373,0
12.414563,-37.677128,0
22.283438,-16.369022,0
-0.9559511,20.082088,1
17.767872,22.210114,0
-20.330587,-16.669561,0
-21.638597,3.0020535,0
-27.075422,-7.0760503,0
-25.79226,-4.310502,0
-21.908957,9.392459,0
41.380146,-7.2976427,0
49.656044,-2.8072271,1
-39.756626,-6.2238584,0
32.7098,2.2913349,0
-9.948985,8.853242,0
-22.779633,-1.9496509,0
-29.150751,9.889471,0
-23.083632,1.418241,0
-20.775778,3.7721899,0
18.97058,44.055416,1
-24.052843,-4.354687,0
10.649968,10.43436,2
12.407969,42.05161,1
-25.832613,2.008061,0
3.0019646,17.045452,2
-39.996315,5.087986,0
5.4429517,-25.40925,2
-18.456837,-1.997987,0
-16.453974,-10.849638,0
-15.875909,-0.69330984,0
-13.170542,-8.998583,0
-20.592588,1.4059054,0
-13.131778,-11.500038,0
-29.285048,0.893059,0
-38.26378,6.00558,0
47.639828,-2.5921817,1
2.9490817,17.427048,2
14.381832,-34.37805,0
5.30828,25.921993,2
-11.951792,38.80049,0
5.5950303,26.532751,2
40.34078,2.8936422,0
-27.517832,-0.29149526,0
-35.318012,12.715643,0
-20.451765,6.6577964,0
28.344353,10.14005,0
-12.811468,-6.7247252,0
-15.685188,-9.807429,0
-16.459112,-17.44761,0
-25.564608,-1.38856,0
-6.3356814,-18.525394,0
-27.306458,-12.594917,0
-29.70672,0.6834982,0
9.534475,15.996308,0
-15.6489105,11.410696,0
-29.452423,1.7452524,0
-8.476527,38.284477,0
10.720834,9.934651,2
-3.4230733,-31.94319,0
3.3635259,-23.507807,2
42.686447,-5.56297,0
13.190186,-36.410892,0
-18.493898,17.870144,0
0.53419715,25.608786,1
22.114267,12.060254,0
11.652925,10.000871,2
-32.2831,4.9415364,0
-19.708996,-5.8048086,0
-20.602312,0.67444646,0
28.167831,5.166725,0
5.353531,12.484227,2
-17.387148,-10.72422,0
11.669256,-38.171783,0
13.451371,-8.764783,1
37.001595,-15.3548155,0
-11.106537,-8.948151,0
-11.142643,3.237207,0
-14.350035,-3.662475,0
16.931248,22.049303,0
27.821827,-12.853983,0
-8.151368,-8.934256,0
-14.460032,-3.6193986,0
2.5978675,-21.357288,2
10.941967,-15.773732,0
33.310265,20.702614,0
10.531337,-8.277559,1
17.607603,21.94169,0
-19.38664,6.352818,0
10.466808,-14.932536,0
-8.780487,13.566336,0
4.8031697,23.800688,2
-13.967766,-4.4029946,0
-8.872661,-5.450291,0
3.4860394,29.944555,0
-12.0471115,11.98776,0
17.260405,22.171783,0
3.7796211,20.724836,2
-27.492292,-6.3740726,0
-12.021449,8.793999,0
-25.900173,4.2422843,0
-19.57894,11.787273,0
-14.502113,-11.347771,0
-30.236197,-3.8514378,0
-25.876818,-19.856247,0
-7.721516,-10.033689,0
0.5421444,27.736042,1
17.359945,42.709568,1
-33.94593,-6.230017,0
-12.600302,-18.367756,0
37.77107,-10.2399,0
19.626867,45.19929,1
3.5710762,-39.470276,0
-22.091888,-22.9427,0
-6.1792192,10.744323,0
13.4826355,43.308147,1
-23.642801,0.16190365,0
-19.018698,-11.062448,0
-9.9161415,-8.358007,0
4.360816,14.699682,2
3.2084334,-23.296309,2
14.171034,43.879635,1
-15.159002,-11.848711,0
18.907907,44.03166,1
15.939829,0.48941615,0
7.087615,48.389824,2
13.789357,43.59016,1
2.593365,-21.169718,2
-0.5038107,18.9773,1
-26.273834,24.183163,0
-29.719465,-15.500283,0
15.282283,-24.182222,0
-23.228004,-10.074061,0
-21.197514,-11.469463,0
-35.049053,-4.161265,0
42.746864,-5.473474,0
8.747421,31.573313,0
28.220772,5.139134,0
-2.8240623,1.6980518,0
-0.26674145,-1.4840102,0
-4.512873,2.6545923,0
9.706123,-39.878365,0
-6.0590734,-4.1843204,0
-12.472005,33.24775,0
-1.6472336,-3.1239362,0
-7.22742,-2.2400057,0
35.808193,-9.850181,0
15.1368065,-24.47816,0
0.28762925,-4.306562,0
-0.48989835,0.2586291,0
28.835842,7.0755925,0
-3.166423,-5.283555,0
4.0456905,30.250072,0
7.404629,11.068856,2
27.040964,12.3760195,0
-2.5362089,-36.38539,0
27.914942,10.386282,0
-8.341696,38.07616,0
-1.2935336,-6.8932066,0
17.254347,27.460133,0
-5.8397026,1.2249277,0
8.074499,11.050385,2
4.4814057,-24.724596,2
37.73263,-11.407229,0
-1.557425,0.39812106,0
-6.705242,-0.3172817,0
-3.7363408,-4.6780295,0
0.11884639,-5.2889757,0
-3.9475667,-5.2347846,0
-5.31529,1.9562261,0
15.684777,-32.552456,0
-27.786,6.249189,0
-13.302426,-0.04492167,0
-4.4596615,-34.653633,0
5.2815638,-25.325415,2
-24.936953,-3.0975583,0
1.7669749,27.58649,0
10.298586,31.883509,0
-26.247152,0.20655058,0
-14.670364,7.8329983,0
-12.873823,5.0636854,0
16.514221,0.1905709,0
-25.946547,-7.4201336,0
18.183945,21.689304,0
-21.106428,-22.533894,0
-31.956305,3.8292758,0
-32.030216,0.48811427,0
-26.237015,-5.7541366,0
-19.543358,-6.3506956,0
16.399656,28.908567,0
-18.465286,0.18579763,0
-34.047947,13.085013,0
-24.394604,-11.346321,0
-21.000832,-8.177269,0
16.359018,23.16515,0
-31.418344,11.842696,0
-5.152936,9.72714,0
3.8019836,15.266255,2
-10.725725,0.61936873,0
10.638475,30.785341,0
-32.528942,-14.738759,0
28.577667,9.85927,0
-19.060648,-4.423543,0
22.680891,-15.516134,0
-3.1280158,-35.648506,0
-16.191374,-13.099811,0
-21.154894,4.5361414,0
-36.952763,-11.579676,0
47.51151,0.66148955,1
-13.21597,-23.00937,0
18.827616,-34.594025,0
-9.272015,-15.391098,0
5.269277,-39.707283,0
11.683741,-15.774052,0
-26.109417,-9.023294,0
-30.126356,-1.4184,0
-39.805542,-10.903699,0
-28.816479,-11.68597,0
4.276238,-24.51921,2
-36.702744,-7.2516294,0
0.37630612,25.302242,1
22.359957,-16.17019,0
27.615202,-18.091814,1
6.0815954,27.730324,0
17.326567,21.624638,0
6.337574,-25.640717,2
-20.851374,1.9996881,0
-4.3654404,-34.82256,0
-15.862216,8.8682165,0
3.6618886,-23.866817,2
-8.167056,3.9537263,0
34.27836,2.6980705,0
-11.43935,21.195852,0
-37.101326,7.7394743,0
-30.596592,8.818844,0
-6.32994,-16.799067,0
33.06271,19.548168,0
-16.335217,-0.14504836,0
-12.58378,-12.621025,0
21.704428,-23.614855,0
6.22872,12.623159,2
-16.33415,-8.756135,0
-19.574041,-10.951985,0
-35.326477,4.997994,0
-14.365673,4.5404606,0
8.155135,10.722026,2
13.778348,-0.43619752,0
-17.597368,13.414519,0
-30.64716,-1.3657771,0
-24.0723,-4.501049,0
-23.586973,-0.6495938,0
-23.416727,-10.762883,0
-16.97137,7.8814406,0
13.608678,43.43296,1
-34.966713,-4.9604383,0
-2.1966548,24.870163,1
-23.902582,6.048207,0
11.143205,40.644447,2
-20.533106,-0.0852292,0
16.181332,-31.83367,0
22.070889,-18.210451,0
-36.365223,-5.2574196,0
8.998959,41.69116,2
-7.866938,-7.1740417,0
-11.802002,15.50217,0
22.484596,-22.802692,0
-10.84282,4.8503385,0
-30.542255,3.2212055,0
6.009108,-40.108604,0
-27.037487,1.6836702,0
-20.122322,2.2300024,0
6.906073,-37.904274,0
-1.8325424,-37.324318,0
47.56053,-2.798781,1
11.581313,-15.604678,0
-18.241287,5.989566,0
34.67974,-9.71088,0
-19.561264,-13.457562,0
-18.430202,7.663325,0
-25.247932,0.91138417,0
-11.880805,-12.617138,0
-22.655031,-0.12712616,0
-3.615693,7.436944,0
-9.547015,38.80874,0
9.482473,-7.370157,1
-3.0926912,-13.271983,0
27.748707,10.530037,0
16.33418,44.78815,1
-28.040442,-8.494101,0
46.130516,1.2231889,1
10.911488,10.412337,2
-19.732494,-7.0033584,0
-17.771008,0.2673464,0
-15.574302,13.119863,0
9.356431,48.0338,2
14.218532,-34.72886,0
6.231146,-25.623596,2
-11.103444,8.042134,0
24.260174,12.589563,0
11.193163,-15.379127,0
14.657446,-33.322174,0
-14.478025,1.5952723,0
-36.016224,18.44694,0
9.478044,10.294364,2
-17.487297,-20.425573,0
0.028657991,18.176662,1
-12.565168,32.843582,0
16.452192,44.72774,1
-16.319063,12.443945,0
-25.11841,-2.3681483,0
5.6526947,30.942297,0
6.211985,30.586226,0
-36.95028,-2.301755,0
7.9523754,11.479975,2
43.579227,-4.40025,0
15.056479,28.83151,0
-20.400042,7.659916,0
-33.968792,-2.5052407,0
16.37245,-22.3345,0
49.148994,-3.7657733,1
22.225798,-19.783747,0
6.922444,28.807766,0
-14.31365,-15.392545,0
-31.164967,-21.344322,0
10.939068,27.74174,0
-2.7016332,23.482464,1
33.215435,19.98886,0
-12.373311,34.969234,0
28.232212,-13.410168,0
13.913235,-25.130463,0
-19.950686,-12.934862,0
-11.9702835,-5.1117873,0
15.720378,28.640713,0
13.778351,-0.4361975,0
-32.939445,12.693668,0
-22.85836,-0.95158476,0
-8.363125,37.789062,0
-8.716451,-3.3793077,0
-16.651321,-6.117566,0
-27.772886,-15.158399,0
-3.2726266,-35.565342,0
15.894365,-7.3063927,2
-24.162916,2.8705757,0
11.524423,30.966803,0
-14.1024,-17.625278,0
-18.759373,16.774206,0
-2.1068761,21.499151,1
-28.260653,12.770322,0
10.578335,-39.552475,0
-18.399248,12.544487,0
28.844673,3.5319781,0
23.836481,10.596887,0
-14.363511,-1.9481728,0
4.472496,14.475794,2
-28.818825,5.6515145,0
-17.487282,-0.938035,0
-24.085234,15.581268,0
7.114741,-40.430157,0
-4.387683,-10.77601,0
-16.562439,-1.4079136,0
4.835534,23.842999,2
16.071224,44.80406,1
46.85855,-2.2159007,1
-10.070921,13.969173,0
-21.061405,5.886912,0
24.873585,11.71467,0
-20.024675,-19.019417,0
10.977095,41.478065,2
-1.5699387,-37.500343,0
10.934696,-15.475434,0
32.615234,-12.502474,0
-8.05293,-6.158989,0
-27.804293,5.5354567,0
9.194619,45.99903,2
15.233944,-22.044237,0
-14.059802,3.4820685,0
-2.701392,23.39726,1
6.1977286,-25.629744,2
37.089912,-9.990596,0
4.730256,14.1665325,2
-31.962841,-17.481174,0
8.608483,31.608385,0
-14.527257,-1.3636104,0
-14.211827,3.0564568,0
21.589443,11.608077,0
-10.810866,17.197437,0
20.327694,-6.0967298,0
-28.395853,6.521166,0
22.076027,-16.920353,0
15.872896,-0.31648386,0
-10.558292,15.574888,0
-12.69186,6.929185,0
6.687909,48.372406,2
-9.076403,-4.631315,0
18.218395,42.44817,1
18.120495,42.36196,1
19.202583,20.724152,0
-11.795149,-3.458619,0
-5.8993435,-6.1318374,0
-3.2056322,-31.159063,0
17.518341,21.495169,0
17.165943,-3.2429125,0
32.209854,19.87181,0
-4.998203,-1.6889018,0
-0.29373202,-2.1399567,0
-4.4082,-4.203626,0
-4.4400105,0.47489432,0
22.50378,-22.710781,0
-0.2795179,-3.3533816,0
-3.4351802,-32.550705,0
-17.086512,-13.3002825,0
-9.123056,38.71395,0
-1.903659,-37.237537,0
-16.808304,-10.076166,0
18.736736,21.76732,0
-19.607773,-18.371628,0
-22.328676,2.211367,0
-31.944305,-12.651064,0
-18.974226,-6.324206,0
-25.91479,-13.584003,0
-16.804655,8.794741,0
-29.458643,1.9554363,0
-14.450259,-5.156669,0
-17.401472,5.474619,0
-2.608676,0.624946,0
4.1456804,21.700453,2
-1.4995229,-12.1693945,0
0.23324664,27.545153,1
-31.578238,4.9689527,0
-16.186104,7.882604,0
-13.380626,-1.3945143,0
12.197176,-38.393227,0
5.0075555,-39.75482,0
47.58606,-2.812363,1
-15.732087,3.7791824,0
25.32588,17.631092,0
-21.36777,1.3027104,0
4.556626,14.430738,2
-9.076484,-8.572718,0
-22.082376,6.202729,0
48.298725,-3.443191,1
8.620994,29.66317,0
3.8944936,21.038567,2
33.758503,-12.561931,0
22.180674,-16.53594,0
11.209492,-38.61245,0
-15.672101,7.002625,0
-13.301283,-6.8209653,0
-16.240515,-14.280289,0
-18.340145,9.270204,0
-4.1139755,-35.182037,0
-13.059493,-3.0105789,0
-1.9141603,7.153485,0
11.584752,31.77031,0
-33.62598,0.8443197,0
-16.54938,-4.29982,0
-36.984413,-19.070744,0
15.894363,-7.3063936,2
-29.553856,-1.4385979,0
-30.14369,4.9890356,0
40.546562,2.7469342,0
13.549823,43.377594,1
-39.037483,-1.6136196,0
-32.05019,-20.048279,0
-29.027668,-6.151221,0
-10.038629,-3.1548548,0
2.9327877,-19.097061,2
-26.907852,-9.893734,0
-12.520652,-3.415137,0
-20.61039,-6.6693153,0
8.631725,-40.244656,0
-14.684243,-9.049566,0
-3.3197892,-31.468702,0
-17.13893,12.4042015,0
-17.571861,11.487341,0
9.12694,47.44015,2
-19.931057,0.3041247,0
-10.851264,-13.87986,0
-34.52228,-0.41328594,0
-30.209816,9.784036,0
-5.945036,-9.144266,0
-25.0703,0.31304187,0
-37.98316,12.62616,0
-21.745703,2.3963552,0
7.7906547,-37.56118,0
16.43783,-7.2913527,2
-15.73363,-1.6630341,0
-25.83083,-1.1280656,0
-20.058588,4.1720405,0
-8.944936,-12.905996,0
-22.363607,-0.2759923,0
-16.552843,1.7184895,0
32.08621,19.790651,0
13.45191,-8.764455,1
6.127594,-25.608534,2
18.888842,-1.1644766,0
33.22697,19.978104,0
9.807202,45.17017,2
-22.363264,8.7202,0
8.289879,29.546825,0
-20.095736,-4.5164423,0
-24.653242,3.5569503,0
18.739922,-34.98151,0
-25.647175,0.39189714,0
8.87456,48.41768,2
-25.596827,1.6169273,0
-30.83095,21.636951,2
-41.01149,8.05514,0
-20.824793,-15.844238,0
0.82477444,28.074001,1
-1.1200618,22.671358,1
18.887156,45.261395,1
15.582914,-32.544334,0
-25.59213,-2.0091107,0
4.244836,21.984911,2
-28.22649,-2.8221617,0
-13.279426,-14.250534,0
-43.125248,-2.3454552,0
-24.55631,2.7011104,0
-19.075369,0.1677256,0
16.54536,-38.142784,0
-38.04466,11.466189,0
-29.587421,-3.2535636,0
8.798095,29.706215,0
-21.302828,14.358639,0
17.93956,-2.0556366,0
-26.274117,24.183119,0
-10.960122,39.02815,0
-29.853552,-0.46724814,0
6.291355,48.340427,2
6.1096497,27.710176,0
-25.476131,-1.3931355,0
39.86133,-10.3369,0
16.398008,-7.3102055,2
4.917779,-39.698475,0
22.58066,-22.401642,0
46.306087,0.97623825,1
-25.926172,9.5217905,0
7.533087,11.709061,2
-10.810829,-17.551752,0
18.407766,21.886444,0
-12.378299,33.779243,0
-20.797565,1.2302631,0
-23.209528,0.16900454,0
47.628277,-2.8439522,1
28.762989,-12.313529,0
-22.557014,-7.279277,0
12.075838,30.992863,0
-16.59019,-5.494519,0
-3.428428,-31.99063,0
16.085733,-31.955698,0
-19.209494,-7.1010585,0
-21.118158,-0.08964875,0
35.218998,-12.238154,0
-22.086212,0.66211396,0
-11.007237,-13.247972,0
-11.34984,-10.942324,0
16.295769,-22.509457,0
-14.817625,-0.6993071,0
26.049017,5.847444,0
-24.565138,-0.5948914,0
-22.271875,-14.97944,0
-39.166428,-4.298593,0
6.2907844,28.100355,0
-12.377894,34.923767,0
-18.364407,2.6158776,0
12.163066,41.770016,1
19.16038,-4.5252213,0
-17.186638,9.215413,0
17.930613,26.176716,0
-14.371316,6.517959,0
-12.70915,-0.16391554,0
-22.216085,-11.883882,0
-26.139114,3.5186355,0
-12.4454565,33.354115,0
-10.383604,-6.8799167,0
15.222411,-24.62052,0
-24.9556,-21.157698,0
35.25936,-16.247557,0
-7.4907594,14.497297,0
5.2194366,25.275732,2
3.4818869,-23.68183,2
-12.399625,33.486797,0
8.446276,-37.29909,0
-18.371204,-0.1347356,0
-34.23905,-12.139142,0
19.900234,45.304806,1
1.9361256,28.980148,0
4.962465,-39.992867,0
-22.300142,-14.389163,0
34.183014,-12.514011,0
-13.111155,10.30803,0
-13.831742,4.2859893,0
-10.487653,2.1220388,0
18.473862,-35.799393,0
0.888324,26.346882,1
-1.8425514,-37.277294,0
-9.707971,-0.52929926,0
11.801707,41.05535,2
-28.532421,-21.33147,0
-9.714953,36.41953,0
11.833324,41.17911,2
-3.41199,-12.023066,0
-15.94066,4.4774537,0
18.818775,-34.636627,0
-7.0965853,-6.941118,0
-8.821817,-1.7140561,0
11.338128,31.60836,0
-22.25653,-5.4636292,0
-22.283272,-9.396353,0
-32.68101,-6.2988954,0
10.401261,30.710577,0
-31.459713,-4.9066,0
-21.180094,19.33053,0
28.86028,7.984435,0
-22.241411,12.945752,0
15.013981,-33.63345,0
-24.660383,5.574668,0
43.328556,-4.673522,0
-11.887873,-2.7024224,0
-15.208633,-2.3623848,0
-31.563215,-3.2600124,0
28.837341,7.2978277,0
11.040263,41.253674,2
-23.21404,11.879845,0
-1.045152,20.42193,1
17.061773,27.4814,0
-14.531479,9.03786,0
35.639458,-16.10705,0
-15.053646,-5.12833,0
-20.193523,-21.36392,0
46.176483,1.1900862,1
5.658349,26.74912,2
-15.792508,-3.961699,0
-18.598171,1.5930744,0
-24.897224,14.6293125,0
-12.530747,-20.281416,0
-25.229786,7.383979,0
-21.982592,-5.876,0
-31.153555,-10.03626,0
-28.66054,-4.420393,0
17.939562,-2.055637,0
-7.1047144,4.445313,0
-24.001549,-3.9039028,0
-26.274078,24.183126,0
25.060238,9.380842,0
33.615982,-12.582784,0
24.804693,11.547267,0
-17.904573,-1.540724,0
15.395733,-22.30499,0
-21.79148,-10.841219,0
-20.623777,-9.0815,0
2.7871695,-19.228563,2
11.170709,10.031197,2
3.5288858,-39.54364,0
7.486411,11.731496,2
28.285902,-12.171246,0
-22.262482,3.3902464,0
46.827354,-0.102397054,1
12.523426,-37.098125,0
-33.356537,9.230239,0
-12.380486,34.80444,0
-22.955368,-2.9683201,0
-26.367918,-4.019431,0
-25.499865,-14.548297,0
16.354788,-22.349522,0
12.8442745,9.999557,2
25.40734,-11.100172,0
6.4753027,31.249176,0
-13.673717,16.599037,0
-16.900064,-0.6497978,0
-5.205556,-9.20842,0
-18.13787,-1.9790672,0
3.8640013,-39.04158,0
-25.72915,5.4505587,0
27.796314,-11.714705,0
-2.7015266,-36.55207,0
7.463162,-40.355736,0
-0.09492274,24.429047,1
27.848608,10.487379,0
-22.251188,-3.319699,0
8.853655,48.46975,2
-11.9017515,10.137859,0
-18.758965,-1.0562395,0
-37.668774,-8.836216,0
25.47153,9.059788,0
-37.00575,-13.749883,0
14.684845,-25.643192,0
-22.532927,4.519653,0
18.784025,45.58304,1
-1.5314213,25.756636,1
-17.517958,-23.72354,0
28.33677,10.157593,0
4.8978324,24.089111,2
-28.847694,-1.8517857,0
-13.375338,7.8241324,0
-39.225964,-0.39676863,0
18.354366,43.251644,1
-27.442314,-3.025601,0
9.482555,-7.3697257,1
-22.311527,2.621316,0
37.697853,-10.226692,0
-23.256187,-4.9366508,0
-12.726645,36.4643,0
-25.59174,-12.598147,0
28.098104,3.9966378,0
-22.319778,-13.192228,0
42.639942,-5.635022,0
2.141752,14.635269,1
9.169071,47.546898,2
-19.442513,2.561979,0
3.1500354,19.174013,2
-11.442665,-6.6594667,0
11.080012,-39.03243,0
-8.861022,2.0014603,0
2.8028533,-19.227367,2
-12.422393,-10.926319,0
-12.358055,34.014812,0
-18.841906,4.994523,0
-38.88715,-5.4837613,0
-8.984219,-2.6148279,0
26.416813,5.864876,0
27.010778,12.319113,0
-18.87115,4.019776,0
-31.597212,13.340408,0
-21.855768,-10.832411,0
-24.375208,6.58797,0
-5.1115804,-15.7829275,0
-20.913126,8.249845,0
41.053417,1.9838573,0
-29.695913,7.292823,0
17.536922,27.355564,0
-4.602579,-34.65951,0
-22.043312,-19.98817,0
-10.06163,5.3565354,0
-15.109757,-12.83196,0
3.2255754,19.413792,2
-24.87212,-15.907713,0
-9.952575,-14.413671,0
48.778427,-0.8549599,1
-18.017065,-10.660975,0
18.378687,21.641338,0
16.374407,-7.316176,2
3.0489733,18.808811,2
-29.565771,-4.5095797,0
28.39365,-13.028727,0
10.985372,31.950432,0
-13.42995,11.629808,0
18.0065,22.042074,0
-36.05161,11.337078,0
-30.847673,-3.9880004,0
-35.90755,-1.3790115,0
16.41141,-7.2889514,2
-16.049568,1.8783387,0
9.465208,-7.3361235,1
-29.547102,-4.0164313,0
6.4909844,-38.126247,0
25.130245,12.294775,0
17.09342,27.610561,0
13.778348,-0.43619752,0
12.784061,-37.152077,0
-26.317022,-14.501213,0
24.996563,12.044016,0
-39.424988,1.9533356,0
-32.03022,6.3442793,0
11.373583,-15.475337,0
20.35937,25.118902,0
-33.565926,-9.040768,0
48.881565,-1.1870925,1
-12.273386,38.445683,0
24.533657,12.488726,0
-12.161455,-9.0328045,0
14.69374,-24.976044,0
-29.368542,15.169901,0
-17.907051,-3.9145172,0
-23.679567,13.699337,0
-1.1712606,20.79293,1
-22.756739,2.0390317,0
40.283195,2.9180894,0
16.406485,-22.286287,0
-26.604887,-10.800358,0
6.7016983,28.62391,0
33.1023,19.608088,0
-26.712738,-13.81231,0
39.115215,-12.719698,0
11.55934,-15.856299,0
-23.193764,-0.08972587,0
-11.9999895,4.291076,0
-10.4746,-0.97640234,0
-39.078423,-8.867313,0
-20.375765,-9.271213,0
-22.483034,-6.3642864,0
6.5342197,12.37438,2
12.465398,42.100605,1
13.632021,-34.705166,0
18.498476,-35.711994,0
-7.9371834,2.9782963,0
-14.356591,-0.039143633,0
25.541695,8.687544,0
-33.37453,2.4764605,0
-15.792638,17.430916,0
-11.552531,-1.146977,0
9.791929,-39.820732,0
18.220919,-36.264267,0
-23.851421,7.855261,0
-29.918282,-11.472832,0
4.7757854,14.153377,2
11.597242,-15.874365,0
-26.933626,-4.2405396,0
-12.43821,-16.311,0
-28.776428,-19.038807,0
3.2547195,16.314342,2
-20.510305,-13.704285,0
12.589021,42.240356,1
9.832074,-39.75697,0
8.885643,48.312546,2
-19.936865,4.3028917,0
-24.720186,-1.3842639,0
5.1186805,-38.805096,0
-25.542095,-3.3585443,0
-18.197372,15.553243,0
-27.810257,4.343666,0
-11.092873,2.5956156,0
8.265363,-40.130547,0
-5.337005,-12.464303,0
-18.075151,-7.486984,0
-18.994785,8.252392,0
-12.872603,-13.4596195,0
-19.872425,-3.9648747,0
-19.87257,7.9393153,0
12.745331,-37.537945,0
-12.378104,34.570293,0
-19.588892,1.5989373,0
6.4782133,48.37344,2
-26.020718,2.5115569,0
-14.609272,1.1536897,0
-22.74075,-7.25198,0
-33.317017,-11.043642,0
-28.691547,-0.7285478,0
-26.971035,-0.5354867,0
-8.332019,37.974537,0
-2.1752293,-37.686085,0
-35.26664,-2.2139037,0
-17.509153,-3.710642,0
-14.807244,11.760455,0
17.978123,26.901022,0
22.402874,-22.886087,0
-11.143837,6.9605994,0
-21.451958,1.7942979,0
4.9646125,24.314474,2
7.346108,11.440722,2
32.102005,2.4588573,0
17.165945,-3.2429125,0
-27.852491,0.43429062,0
-2.5145442,24.268991,1
4.556072,22.953836,2
10.730348,-9.463574,1
8.318938,31.582672,0
-3.394393,-32.221893,0
31.090841,-11.348169,0
-12.582549,-1.4352312,0
28.128979,4.006029,0
-6.2699885,-11.443843,0
2.9679894,17.102484,2
20.925306,25.37461,0
-30.841333,11.07092,0
-6.868338,6.917096,0
22.7793,-15.353332,0
-24.8592,8.226844,0
-18.255236,0.894231,0
-26.32639,-2.1472886,0
1.3074661,27.015163,1
-37.64912,1.2009676,0
22.219995,-19.797539,0
28.837221,7.2978287,0
-23.473152,-0.72987926,0
-19.77267,-4.0834417,0
-10.731466,-11.220716,0
-30.864664,0.4941278,0
47.572624,-2.5916915,1
-7.751999,9.774294,0
-36.09097,-12.570031,0
-38.544895,-13.583971,0
16.278425,-31.713963,0
-33.628204,11.580939,0
-15.6811905,1.8428868,0
15.33634,-22.095018,0
2.932409,17.797285,2
-22.133429,-1.0935922,0
-19.369698,-4.5991087,0
14.557954,-26.128897,0
-19.808123,3.2115893,0
-34.702206,-14.278539,0
-24.254763,-9.897301,0
-25.90461,-15.598002,0
10.115925,-39.65045,0
-12.793391,5.822663,0
-37.548363,-7.769519,0
12.234887,9.697477,2
-34.28278,-10.654034,0
-11.392487,-5.903911,0
-26.27532,14.388878,0
-18.792025,11.737746,0
-21.282194,9.881038,0
-31.46121,-16.332867,0
-2.7821608,-36.024467,0
-22.825537,0.90990835,0
-19.301775,9.966282,0
-11.70345,38.9314,0
-22.515774,-4.3941317,0
-22.283783,11.854125,0
26.420376,5.868024,0
-27.814402,-11.975824,0
17.9299,-2.0553377,0
14.518102,-34.58467,0
9.600406,-7.3538575,1
12.779281,-36.526424,0
-12.774444,36.898815,0
19.069841,21.534277,0
5.6141424,30.323887,0
-20.190283,14.440438,0
12.156434,-38.024654,0
11.855143,10.167466,2
49.623714,-2.8046422,1
8.469064,11.212073,2
-30.653147,13.700393,0
15.06288,23.561863,0
-4.040213,-35.201515,0
21.58737,11.589738,0
-32.84099,-3.8964407,0
14.349688,43.98211,1
-19.881628,-15.603423,0
2.9283876,-22.808859,2
17.793318,27.087029,0
-24.782341,-10.326558,0
17.8947,21.218334,0
-2.6923208,23.590311,1
-18.928116,7.3990803,0
-36.431805,-8.844457,0
10.946544,-16.231104,0
-20.329546,4.241361,0
7.47255,29.190416,0
-16.036808,-5.88603,0
3.757735,-18.387087,2
-21.91222,-8.519438,0
-16.31599,-0.8350901,0
-13.817377,-10.594515,0
11.756118,32.330906,0
15.314038,-24.125572,0
-18.011122,-8.161321,0
-7.0167727,-14.758144,0
-21.5884,-8.084411,0
14.724166,-26.411638,0
-36.40541,-10.286719,0
-18.769562,-7.1254835,0
-2.6544495,23.77067,1
-17.069458,-16.375452,0
-9.595103,-11.111636,0
-11.882153,38.837685,0
5.495122,26.196516,2
17.21167,-37.63699,0
16.594275,0.15930289,0
-16.35348,6.0454216,0
-0.69633424,19.364183,1
-38.98283,9.11869,0
-21.236647,-10.085857,0
35.097904,-12.442763,0
-16.82464,-7.444103,0
-29.601925,13.212915,0
-22.069927,-17.500923,0
-22.004627,5.0919957,0
15.008171,-25.260956,0
41.415787,1.5667819,0
-40.768585,-2.1718364,0
10.824602,-16.282585,0
25.326046,17.631107,0
-21.345345,7.585275,0
-35.84864,-14.446694,0
17.350063,27.373487,0
-18.543482,-18.966736,0
-16.381927,15.68046,0
22.794464,-15.3740835,0
-6.246718,4.1666045,0
13.340358,-36.623978,0
14.694913,-3.3198771,0
-9.053865,34.302753,0
22.617361,-22.350965,0
12.313375,-13.49651,0
15.371204,-32.554775,0
-17.750288,20.349094,0
-8.805317,-3.9744468,0
-25.16129,-0.25863913,0
-25.020008,-14.645442,0
-8.756236,38.50343,0
12.749917,10.013799,2
-14.717491,-20.267656,0
-20.967745,0.2368913,0
7.574921,48.450726,2
-14.74473,15.651597,0
17.5785,-37.247562,0
-13.102262,-0.8337586,0
-20.854431,-20.272476,0
-15.52058,-5.535258,0
-23.369358,-5.0100646,0
9.082974,47.478928,2
-37.535572,2.2742507,0
18.923073,45.101154,1
-26.44963,-16.446077,0
22.14904,-16.640985,0
-11.180211,3.8754866,0
3.474254,19.879425,2
-29.284002,8.8601885,0
30.657022,-11.441028,0
-30.73214,-8.290605,0
12.634114,10.065461,2
22.290108,-22.98562,0
-17.310865,-6.82918,0
15.872645,-0.31367138,0
36.636703,-9.869937,0
33.39322,21.357967,0
-12.297175,-0.6656242,0
-24.21969,-5.8304343,0
9.51611,44.889107,2
21.58509,11.662553,0
-22.15337,7.3719497,0
16.590788,-0.00726996,0
11.705478,-13.197943,0
22.024378,-17.511948,0
38.639072,3.5358543,0
28.837854,7.970599,0
15.481132,44.555393,1
-20.24362,8.733331,0
27.021349,12.312667,0
-25.835436,17.174923,0
14.737636,-26.673887,0
-25.878065,-10.722813,0
-22.623446,14.477112,0
-25.173065,4.8844595,0
20.337471,25.580633,0
46.977848,0.7237369,1
17.926294,26.181297,0
-14.381711,-13.450832,0
26.700647,5.8083787,0
-40.875668,3.6247487,0
-19.81198,7.0837774,0
4.1196213,-24.364174,2
21.585855,11.687733,0
-27.649113,-4.9665985,0
-8.732289,-7.612494,0
-38.427086,-16.753357,0
-19.95911,-19.996126,0
-17.586016,-9.181513,0
-1.1099685,-37.621143,0
11.706838,-13.227261,0
-17.593176,-8.735992,0
-20.800606,11.545477,0
-7.5979404,11.845946,0
47.67108,-2.2749584,1
-23.662634,9.218207,0
22.164087,-19.537342,0
33.309162,20.699678,0
-22.756096,-10.915482,0
13.387599,-36.01178,0
3.4617434,20.143314,2
-36.171646,-16.990185,0
-41.338753,6.1024485,0
10.298528,10.544828,2
-20.104326,-14.509655,0
38.73936,3.5136101,0
11.738477,-15.865385,0
8.960523,-40.16841,0
33.320602,22.029985,0
-15.330545,-7.034094,0
-12.569037,32.814766,0
31.01883,2.7952242,0
18.884542,45.0989,1
-14.7782955,-5.102606,0
-43.535564,-5.470701,0
-25.775837,11.340229,0
-22.390158,0.6884799,0
6.4339952,-40.380005,0
28.21614,-11.654847,0
16.275671,-22.523014,0
-8.983565,-0.47064131,0
-22.671738,20.33693,0
20.498598,24.76204,0
-25.322235,-2.6390533,0
-29.88497,8.039438,0
-40.607845,-9.556518,0
-13.197047,8.874127,0
-13.854011,8.413179,0
1.9984593,27.936293,0
-21.550522,-9.971172,0
22.052607,-19.244072,0
-26.796211,-2.9358919,0
15.330581,-2.3051257,0
18.033243,21.724464,0
9.36464,-39.857624,0
-30.70007,-12.683827,0
-11.427781,0.5023384,0
-18.233297,5.3456936,0
-2.6841877,23.683743,1
24.168995,10.762346,0
-11.144972,-7.307455,0
24.384296,-14.324216,0
-17.362904,9.79929,0
15.33058,-2.305126,0
29.89495,3.1666245,0
37.79931,3.8276196,0
-12.553457,-3.6242483,0
24.884151,-11.148029,0
13.966461,43.7305,1
-19.808416,11.05771,0
-17.480438,-5.6905866,0
8.305792,-37.349968,0
-20.934362,9.091939,0
-29.631796,-14.29117,0
9.688774,-7.5126114,1
-0.49654356,23.737444,1
-24.507114,-5.3234544,0
40.130062,-10.293726,0
-30.69822,1.1320732,0
42.090508,-6.4482408,0
2.7050517,-22.045103,2
7.1974344,28.996029,0
20.290941,25.464954,0
-26.944008,-8.886519,0
-14.790369,3.9258466,0
20.498592,24.762041,0
-35.576405,-0.06128682,0
27.844477,10.482111,0
12.635313,10.062384,2
-31.37682,-10.897975,0
-12.359419,34.171543,0
-3.4327493,-31.988857,0
-12.528853,-7.5711575,0
9.945646,30.538366,0
48.38707,-0.39980492,1
35.86841,3.2084587,0
-32.94655,-2.5519466,0
-14.537827,-6.5262065,0
-9.068643,34.34421,0
8.516884,11.199278,2
-30.066006,-2.9102201,0
-11.375993,5.577486,0
-33.187717,-18.573427,0
3.1020033,19.032106,2
8.804869,41.925816,2
-33.54638,0.02063294,0
3.624695,-18.515936,2
23.714954,10.645038,0
-26.274103,24.183098,0
11.419114,-38.71703,0
-24.6462,-17.822113,0
-20.650501,-12.708336,0
-12.357034,34.08784,0
-9.269418,1.4709672,0
38.119717,-10.29003,0
7.745947,48.506252,2
10.730348,-9.463574,1
16.162836,28.231653,0
5.5029674,-40.187794,0
-19.902214,-4.79727,0
-19.162636,-7.892272,0
-18.558113,-21.323381,0
-28.799465,11.885299,0
-23.370653,-2.9431317,0
-22.181446,-1.0138524,0
47.001366,-2.6810338,1
19.167463,-4.543389,0
-12.004448,-11.755947,0
-25.764643,-3.2552328,0
-15.023808,14.235479,0
-32.513683,-1.3049315,0
31.021969,-11.371845,0
2.661779,-20.36978,2
38.266125,-11.427165,0
25.297308,-12.361797,0
11.460329,15.625438,0
-17.720615,-16.485268,0
-15.71214,-12.427244,0
20.367579,25.740416,0
-18.076996,-2.7886655,0
-33.567673,-5.639302,0
-19.677164,-0.3783338,0
-1.825275,-37.892944,0
3.0293515,16.82205,2
50.300117,-2.8535225,1
33.18095,19.78687,0
-10.828204,-12.479931,0
20.498598,24.762037,0
-14.265899,-0.47963035,0
35.801296,-12.142911,0
-21.380768,16.66811,0
-31.342619,9.524261,0
-27.75456,-0.96520406,0
-25.95489,12.315965,0
-12.542363,38.121273,0
22.195038,-17.261513,0
5.003202,24.55138,2
-24.997501,12.638849,0
-25.263073,-9.145112,0
4.9547324,-38.836357,0
-22.064152,-15.8556185,0
-34.54435,-3.2142973,0
-13.876809,10.8797655,0
5.262278,25.607101,2
-16.235115,2.791997,0
-9.797962,-9.476394,0
27.328304,-11.925726,0
14.517401,-34.097347,0
18.991219,33.36851,0
6.9609375,12.051423,2
-12.0480795,38.708694,0
-26.866646,0.77664804,0
-20.8692,13.088284,0
12.690458,42.320545,1
21.446682,23.870527,0
9.118107,31.700418,0
13.853398,-35.29352,0
10.315566,-8.127808,1
-10.117121,-11.898851,0
40.35516,2.8642533,0
-19.78515,-0.3859507,0
-3.4077017,-33.412876,0
3.4802196,15.71437,2
-13.998694,5.3775473,0
-37.722713,-10.778481,0
-26.139343,-8.030544,0
10.748757,9.638669,2
-20.718859,-11.132238,0
-21.768263,8.300421,0
15.671622,-12.002951,0
17.75493,27.167227,0
-20.028145,-6.3935,0
10.345925,-39.435253,0
-33.556282,-7.1067634,0
16.401035,-7.305222,2
-18.522844,9.946066,0
-23.96321,-8.304347,0
-22.742952,2.734757,0
-17.631195,8.411412,0
-27.14499,6.419443,0
-29.715406,-8.781733,0
13.176437,-35.6175,0
-24.12119,11.137486,0
13.729368,43.538483,1
14.455821,-26.616936,0
39.008537,3.4262118,0
-23.626585,2.423129,0
-30.688906,-5.051814,0
20.409473,25.845285,0
-28.780037,-9.428205,0
6.424522,48.370968,2
24.25598,12.593115,0
4.4330926,30.403816,0
37.436832,3.7363775,0
-29.093792,-10.861453,0
-24.708345,-2.0379493,0
15.179403,44.370388,1
-1.8939458,-37.24091,0
-2.5230348,-36.411644,0
22.475588,-15.873144,0
-1.6588576,-37.520275,0
4.654515,23.23859,2
-26.459776,-7.1741953,0
-34.035503,4.39096,0
22.74029,-15.444922,0
2.7408547,28.661844,0
15.950424,-31.981571,0
-18.14694,-2.6746924,0
13.027052,-35.938835,0
3.9544451,-39.817005,0
0.70275337,25.951674,1
-15.070568,4.5589404,0
-16.69711,1.1371793,0
47.97481,0.20212361,1
-18.05142,-7.2187595,0
-28.5712,0.4730175,0
-25.047846,19.289883,0
11.437133,-14.833961,0
-17.616287,-11.496275,0
-10.038608,-4.402311,0
-5.124634,8.265485,0
-25.17731,-6.6881094,0
17.796932,-36.962364,0
7.0002213,12.031544,2
11.530629,-14.818479,0
9.680082,-7.5152235,1
20.33058,25.404842,0
20.335716,2.1558387,0
-4.3629904,-34.81402,0
-28.037642,-16.402811,0
42.056202,-6.4952593,0
-17.629206,10.600693,0
2.920407,17.471565,2
14.876468,-33.525875,0
-33.486725,-14.475014,0
-23.827051,-1.4283845,0
-14.885364,-0.106781945,0
14.318876,-34.487534,0
21.584936,11.68484,0
-25.695408,8.555862,0
10.315044,-8.127127,1
-29.049532,-0.14049903,0
18.961,44.231293,1
-6.876388,-12.652718,0
28.823622,8.715165,0
-7.239801,2.21226,0
-34.448975,0.5856603,0
-25.91471,1.0024737,0
4.775951,29.971779,0
-10.561454,6.120264,0
33.127953,2.2105255,0
-42.331036,-0.98806775,0
-30.391615,16.6993,0
11.897168,41.34811,2
-33.1647,10.075157,0
17.419912,-37.4287,0
-12.128716,-9.637344,0
-27.65229,-18.347439,0
-15.8599205,-4.77859,0
-21.818968,-12.171525,0
-27.057083,-4.7446685,0
-4.4715357,-35.067734,0
-14.654058,-10.83344,0
-24.633844,-5.077345,0
25.1222,-12.764112,0
10.29368,10.554664,2
-14.379707,-14.373715,0
28.69352,9.560116,0
-11.583863,38.99253,0
-18.139406,-1.9790757,0
-18.293367,5.91984,0
-23.91066,-7.3695955,0
-23.783722,3.3970404,0
-14.543807,-24.342049,0
-22.056448,3.8519504,0
-21.360027,11.861641,0
9.900856,10.682908,2
2.7661514,-22.310701,2
-15.261314,-15.057927,0
-29.16596,0.21370022,0
36.50685,-15.654412,0
-24.621979,-12.033211,0
15.04148,-33.240185,0
36.97767,-10.004908,0
-23.147879,-8.285134,0
10.379814,10.115848,2
-26.758614,-11.753417,0
-21.191248,5.3277144,0
14.555171,-26.425251,0
-21.004269,17.40978,0
-18.606627,-5.563338,0
-17.758509,-18.065737,0
-27.698912,-0.9669426,0
20.339413,-2.5899346,0
36.69777,-12.179459,0
14.580903,-25.084873,0
30.908403,2.832154,0
-26.334322,-20.854477,0
-38.759083,-7.32652,0
-11.811571,-2.362078,0
11.247867,30.978422,0
-25.9777,3.903156,0
-3.2124567,-31.054272,0
26.44063,5.854702,0
24.568184,-14.2145,0
-15.604734,6.1903043,0
30.784636,2.862989,0
-27.54235,7.0473623,0
10.396016,9.784224,2
13.744852,-34.494823,0
37.521324,-10.138878,0
2.9117098,13.735856,1
-8.422454,38.22788,0
-26.546745,7.901552,0
3.6006975,-39.06856,0
-16.239243,-0.13343096,0
-38.27253,4.417721,0
1.5034715,27.321735,1
5.389219,-25.383848,2
20.335789,2.1545346,0
33.30157,2.1476974,0
-5.2597136,-13.335233,0
-15.323677,-18.015867,0
20.346022,-2.5896523,0
27.548159,-11.865662,0
-21.567867,4.1480236,0
17.97863,26.893219,0
19.560446,44.440758,1
2.9796453,-22.886976,2
5.6890984,12.173877,2
-14.040968,0.6421674,0
-18.018253,-14.676671,0
26.123966,-13.468357,0
-28.695868,2.1999636,0
-20.867748,2.8295765,0
22.133387,-23.25206,0
-20.442139,-17.704401,0
-43.504807,0.49354377,0
-42.026638,-6.115053,0
18.24798,1.3162736,0
28.205149,-11.691715,0
11.822134,9.732099,2
-32.145508,7.0438805,0
-30.78228,21.698153,0
-22.847322,-4.703529,0
19.48675,20.757393,0
-18.665783,-3.4199443,0
-13.308163,0.568575,0
-38.649876,7.783362,0
-28.339771,9.956221,0
-19.506725,-12.078777,0
13.778348,-0.43619746,0
-22.204777,1.5511577,0
32.057922,2.4945683,0
33.319664,22.023975,0
-26.9258,-1.7242471,0
-29.529396,-7.684996,0
38.96732,-11.292874,0
14.716073,-26.180885,0
-27.107485,3.7258923,0
18.89023,-1.1625208,0
-20.075087,1.1862324,0
-27.749552,-10.047038,0
28.703047,9.558562,0
-24.156197,8.135256,0
-15.250088,-7.9706273,0
22.306768,-20.111374,0
12.875584,42.582386,1
-8.655435,-11.185365,0
-23.15622,-20.248293,0
3.4391353,-23.619503,2
28.203253,3.8312817,0
-3.9595864,-13.630954,0
-8.823088,-10.234704,0
-21.424511,-16.557077,0
-38.081726,-1.4600917,0
2.6188893,-21.55112,2
-22.118294,5.489741,0
43.412586,-4.5751705,0
-28.73823,-14.469689,0
-14.799676,10.544556,0
-10.780537,-1.6855067,0
11.679039,40.72625,2
-16.409449,-2.9005396,0
-18.792551,-5.136875,0
13.320354,43.14435,1
14.849444,23.58193,0
-26.274364,24.182894,0
1.1044881,26.763277,1
13.451663,-8.764639,1
16.384565,44.784798,1
-10.902098,-18.424015,0
-32.575066,2.6249342,0
-8.411085,6.4284415,0
16.084986,-31.942581,0
33.113297,19.582012,0
-24.654404,-1.1066194,0
30.429611,2.997901,0
48.304863,-0.21089423,1
-28.68275,-3.5387793,0
22.218214,11.234992,0
-16.566753,4.2864766,0
37.17636,-15.147274,0
28.87696,7.8394413,0
5.148059,-25.252619,2
-13.37285,32.506496,0
-10.963346,21.521744,0
11.568513,40.635307,2
16.388939,27.592415,0
-23.762304,2.3544626,0
-23.69196,-0.948361,0
-19.40022,-0.690022,0
25.151999,12.320846,0
42.838867,-5.3410964,0
4.6215553,12.294422,2
-9.027232,4.8656435,0
8.737387,42.03348,2
11.443679,-14.796504,0
8.1143055,-25.471598,0
10.531337,-8.27756,1
5.114797,24.886656,2
10.566666,-14.938666,0
18.163204,21.972397,0
-9.8732195,-17.699146,0
-18.511696,-16.892332,0
-9.298864,38.772984,0
14.321831,-34.81151,0
-34.960934,-7.177392,0
-18.610348,-3.8379827,0
-12.367602,38.340492,0
10.80513,30.802067,0
-33.5501,6.709169,0
3.778766,12.82064,2
10.577391,31.56862,0
-12.588921,0.6086093,0
31.51484,2.6446083,0
-17.69176,-5.2657175,0
20.330101,-6.028571,0
-32.262615,-11.464057,0
-7.525661,11.02162,0
-20.334211,-12.007382,0
33.18095,19.786871,0
11.996434,-13.482446,0
-9.793588,-19.689451,0
0.9969539,26.572311,1
11.696284,-13.128836,0
25.325747,17.631105,0
-9.42719,0.7657441,0
-14.3359,-7.1564703,0
-4.0459495,-19.885492,0
-27.444126,-5.8518543,0
11.448806,-15.70214,0
5.558984,26.502562,2
-7.7172704,-16.158436,0
-26.311968,1.2486062,0
-19.27323,5.492689,0
20.636293,24.517155,0
-25.132648,-12.748494,0
-14.453061,9.83777,0
-23.935627,-5.2997503,0
10.04566,10.312953,2
-23.06628,7.3567586,0
-14.85605,-9.832125,0
-25.345043,9.685055,0
-17.442019,-22.157513,0
-8.069867,4.9780273,0
-26.968445,7.923411,0
-26.27392,24.183142,0
-16.936369,-2.6352448,0
9.273289,10.900774,2
9.890852,10.687326,2
13.451616,-8.764599,1
-21.677681,-0.26556215,0
-18.830072,3.3771868,0
-18.134272,-10.769115,0
8.201292,-40.293003,0
20.36744,2.198186,0
15.94421,-32.29718,0
-3.3241668,-31.522158,0
-27.71953,-22.49878,0
7.6724634,29.29991,0
-10.880024,-4.861312,0
19.160374,-4.525222,0
-12.372024,34.419388,0
-23.226297,8.262209,0
-27.156977,-8.076438,0
-24.459377,16.990591,0
-13.738043,13.330058,0
8.675583,-40.10395,0
16.358477,-7.309785,2
-37.027855,6.215482,0
-17.421041,-6.985523,0
2.5713484,29.429466,0
-12.124344,0.5270919,0
-17.308922,-0.5349934,0
-8.872159,-0.916149,0
-25.349438,2.1542923,0
-18.059633,-2.7387133,0
-21.29596,0.18640499,0
42.121826,-6.399555,0
-21.544321,-5.30668,0
5.9532766,12.106548,2
-18.772446,-15.759786,0
17.231117,42.82553,1
36.207165,-12.115993,0
16.443237,-13.545493,0
-13.80441,2.435974,0
5.4496593,11.79715,2
-29.475033,-5.198893,0
-13.676065,-2.8807864,0
9.315695,-7.302073,1
-9.010479,8.811387,0
7.8958306,48.58184,2
-23.5837,-22.029615,0
14.724408,-33.92113,0
-24.530182,-6.5108438,0
4.7645526,30.54176,0
21.64071,-23.683346,0
-12.557542,32.887085,0
-22.53014,-18.59296,0
-18.309893,4.3420653,0
-24.97093,-4.288777,0
13.265785,-6.7476993,1
-16.81754,-4.0613675,0
-23.799047,2.3899035,0
27.816317,5.021809,0
24.501778,-14.249181,0
33.389736,21.351732,0
-26.16847,6.991316,0
25.325802,17.631105,0
-5.1453443,6.853942,0
-21.32989,-6.0194745,0
7.339747,29.195065,0
-6.3649397,5.767507,0
34.847755,-11.691287,0
-14.384306,7.080374,0
-18.852814,14.545444,0
5.4121966,25.806793,2
-16.090347,-7.044962,0
-22.801928,-2.3836696,0
23.053423,-15.117613,0
13.26579,-6.747852,1
32.268894,20.024166,0
8.679251,45.6903,2
-31.54445,-15.1277275,0
25.166584,-13.4651165,0
29.4818,3.3120286,0
-25.779318,-11.766232,0
8.845256,48.614307,2
-32.579926,-7.287848,0
50.323643,-2.849568,1
14.25171,-33.7336,0
-24.971384,2.128875,0
18.397268,43.020954,1
10.818208,-38.998398,0
-23.056988,-6.0952835,0
-24.114674,9.971276,0
17.13046,21.76525,0
-15.546377,-3.994769,0
-25.493095,-10.900732,0
3.4712071,-18.606615,2
-33.28953,5.408185,0
-27.643301,16.353077,0
2.8186986,-22.511835,2
-36.609005,8.839716,0
-19.344547,-5.797781,0
30.534113,2.965619,0
-23.791433,-2.3606884,0
22.062195,12.004858,0
-17.931467,3.3107438,0
-0.6491264,23.541193,1
-26.706097,-3.2707033,0
28.103146,3.986434,0
-25.623375,7.906561,0
-27.879053,-17.329744,0
15.429534,-23.87172,0
23.270828,12.196117,0
-34.171482,-1.1899562,0
5.094225,-25.21919,2
-3.609907,10.304744,0
-13.811325,-8.58967,0
36.988197,3.6260643,0
-37.00295,3.5752213,0
-14.747933,-10.233079,0
-0.31020048,18.680288,1
-12.671778,37.580353,0
11.651239,-13.335501,0
3.9884708,-24.229584,2
-26.710285,-20.010395,0
-13.788125,14.504261,0
35.983654,-9.878562,0
15.936004,44.770786,1
-23.897491,-1.4452355,0
14.8441,-25.61268,0
-16.431635,-3.0993342,0
-35.23263,-6.307114,0
10.530016,-8.278275,1
20.328424,25.741405,0
-35.271667,1.7339002,0
-2.857504,-36.292053,0
-24.831861,4.3133745,0
-0.8237071,18.861582,1
-18.578495,-1.2369354,0
-12.117999,38.63893,0
14.393232,44.008995,1
-28.77647,3.4757278,0
-21.805075,-7.185498,0
-20.756693,0.56127715,0
16.863033,27.502754,0
34.611034,-9.758607,0
12.400615,-38.128,0
35.840763,-12.3642645,0
10.315821,-8.127642,1
11.317595,-15.373794,0
8.554817,42.758656,2
-15.124513,3.2005863,0
-14.858786,-3.0366235,0
42.91131,-5.2166452,0
7.475144,-37.693756,0
5.3330274,25.60588,2
4.9366317,24.301342,2
37.451305,3.5133822,0
-31.999678,2.02953,0
-27.808416,-7.6898913,0
40.084045,-10.305601,0
-15.079947,5.206597,0
-1.5310792,19.978544,1
31.340906,2.6953108,0
3.2907321,-23.413063,2
-23.940004,3.7677736,0
-17.827559,1.0939952,0
13.230404,43.034634,1
16.395102,44.78613,1
-17.064753,2.7079897,0
-11.364514,-0.28879082,0
11.508165,-14.75075,0
-30.922104,7.989442,0
-20.186554,5.027395,0
22.229765,-16.437548,0
-4.0371823,-35.208755,0
-15.06202,2.6342802,0
-6.1996965,7.833288,0
47.28623,0.805995,1
-32.20978,-4.6410213,0
5.523926,-25.465273,2
-31.35148,-13.785698,0
-18.572372,8.680791,0
-32.990852,4.3092527,0
3.067495,18.769564,2
-10.597639,-5.619101,0
-27.658634,2.9480143,0
-21.28309,-13.719398,0
-18.184557,2.5685987,0
11.009684,-15.616907,0
-1.8380637,-37.335487,0
5.4494276,26.18488,2
-13.37856,-10.981055,0
-3.4750433,8.7724,0
-22.291164,-3.3037653,0
48.891426,-1.4431093,1
5.0290685,12.0272665,2
22.116102,12.061097,0
-21.60937,-6.7051663,0
35.544533,-9.862639,0
17.165941,-3.2429147,0
17.92196,21.775274,0
-30.902557,-6.298249,0
17.795832,21.856058,0
-28.334515,-6.2260375,0
-21.389095,-6.051379,0
-27.84843,-1.4609636,0
6.040194,12.928355,2
-18.302944,-5.867545,0
-11.914318,-19.288311,0
-33.50731,-9.964597,0
26.04086,5.8314543,0
-34.262917,9.458446,0
22.205019,-16.408085,0
-14.839442,-16.66782,0
21.599123,11.626563,0
4.27826,22.171429,2
-31.981504,-6.368967,0
4.09408,21.628927,2
33.024612,2.2163687,0
-7.480937,-11.46054,0
9.014644,-40.06785,0
-2.586844,22.659248,1
-10.985496,11.521494,0
27.898079,10.39302,0
-42.49234,-3.65159,0
-14.345801,34.688416,0
13.180164,-36.869434,0
6.698702,-40.233864,0
-12.688848,36.260956,0
-16.729902,-2.2579062,0
-14.357118,-22.030577,0
-12.379907,34.85208,0
19.160372,-4.525222,0
-22.042065,15.718642,0
18.320812,-36.050266,0
-12.70389,-15.060384,0
-28.073908,-1.9971524,0
-35.06123,10.717488,0
-13.692411,6.3093886,0
-20.235247,3.185574,0
-1.1595862,22.52845,1
-19.435823,0.6207388,0
-23.787148,-17.713556,0
-12.379209,34.884075,0
-36.25437,13.97185,0
-12.763726,-10.248426,0
28.853947,7.855182,0
38.423473,-11.330826,0
5.6606336,-40.032352,0
29.601042,3.2982974,0
-2.319644,24.64389,1
-32.193897,11.600547,0
3.9872036,29.498362,0
49.36735,-3.9623742,1
-19.180313,3.7264438,0
-28.996532,-24.259832,0
-11.104672,-4.5041904,0
9.089406,47.477894,2
-29.38467,-12.441788,0
-18.190746,-1.0435691,0
18.890234,-1.1625208,0
22.246172,-19.88314,0
-26.861803,4.991372,0
-18.67078,-12.140466,0
-23.18118,-8.12325,0
-11.818715,38.879837,0
33.330395,20.719355,0
15.141747,-24.654621,0
-23.946724,0.4581257,0
18.890757,-1.1618987,0
5.7968197,-38.526398,0
2.885209,29.600412,0
38.04122,-10.29994,0
-13.3935,32.45179,0
16.845932,-37.936794,0
-18.19652,2.2008247,0
33.226864,19.9812,0
36.23538,-10.743739,0
27.900242,-11.588955,0
16.588942,23.041945,0
26.209318,6.87403,0
50.34569,-2.8417344,1
2.6937354,-20.207811,2
-9.707823,38.778004,0
46.198345,0.3728561,1
-23.612608,-1.3132432,0
-9.010418,34.290714,0
-19.977049,-23.543104,0
-8.148295,-5.061721,0
-30.315619,6.258857,0
-37.675262,-6.706456,0
-40.35281,-7.734184,0
35.30624,-16.230219,0
36.93448,-15.378297,0
38.626255,3.5292768,0
-18.501015,-0.19142641,0
16.390444,-7.311268,2
-9.346856,7.490356,0
-23.65587,12.681926,0
11.940998,-38.274036,0
47.638847,-2.8220499,1
25.773176,-11.190039,0
-15.465247,-3.2517276,0
30.941648,-11.600083,0
-30.217117,-18.665316,0
-32.47008,-5.368503,0
-17.64378,3.604611,0
28.876997,7.839424,0
3.0484984,-22.971819,2
-20.748415,15.595941,0
-12.700863,3.0790658,0
-16.465158,10.493446,0
5.090658,30.080082,0
3.6217825,20.435646,2
-21.273146,-14.689333,0
-35.38012,-9.216657,0
-9.0837965,34.305916,0
14.6529665,-27.006819,0
-16.879705,5.0578303,0
10.100814,-7.258283,1
-29.045923,-10.197775,0
16.356504,-31.653915,0
28.040098,4.1136208,0
22.083824,-18.504395,0
-31.416306,-5.7718153,0
-5.9610243,-14.950882,0
-23.43646,-2.8234496,0
10.935455,27.857895,0
10.75478,-7.8277664,1
-8.95295,5.6362085,0
-16.71134,4.2887506,0
33.141556,19.66432,0
-18.984066,1.1799014,0
29.875462,3.1438468,0
-15.948154,-11.460837,0
37.09673,-10.032289,0
25.514761,8.727597,0
10.920102,31.935328,0
3.1902337,-18.949337,2
-37.738243,-4.04332,0
-28.72387,-8.232914,0
-13.641981,1.6335883,0
11.008065,41.393604,2
3.857691,21.015652,2
-27.672958,-13.233369,0
27.848207,10.422468,0
31.260014,2.7207255,0
-23.917646,4.607162,0
-19.973127,-0.35371283,0
-2.5617244,-36.39098,0
-22.028936,0.2242617,0
-0.90262485,23.139387,1
-29.871637,-20.146309,0
-16.367994,-20.460867,0
25.376661,-12.333568,0
-8.980199,2.7662945,0
9.459865,31.902176,0
-38.497837,2.9180021,0
-27.84972,2.4130847,0
-18.725008,-5.4051037,0
-19.803513,13.534336,0
14.593424,-26.047565,0
0.00541563,24.616234,1
19.167572,-4.5427327,0
-36.18224,4.0105042,0
-27.245602,0.58303183,0
3.439036,19.68061,2
-28.398325,1.257362,0
15.648475,-32.295372,0
-32.053806,-2.0245478,0
15.334405,-2.3035786,0
12.828538,42.55241,1
17.165943,-3.2429147,0
-27.72454,1.4608952,0
-31.566578,15.102516,0
14.195826,-35.103092,0
-11.101194,12.906862,0
-18.22308,-0.51842314,0
-33.101677,-12.390023,0
-14.621052,-1.0951704,0
-22.678972,-8.501829,0
34.71294,-12.485166,0
-24.105759,-3.210449,0
9.00077,47.38627,2
-12.750846,-2.4468896,0
26.02278,7.1075144,0
-27.630972,-3.7357962,0
-33.999554,-16.269817,0
-22.28921,-6.630994,0
-0.9882965,22.976229,1
-16.802916,-8.992821,0
-25.19922,3.0747173,0
3.5849707,20.163303,2
5.9828987,-40.303314,0
25.16818,12.337516,0
-16.821898,7.0898023,0
-18.136974,2.3661194,0
12.314238,-37.473534,0
-12.034407,10.91184,0
-10.224734,7.7191257,0
-21.603031,-6.9931703,0
-24.516354,-9.058628,0
-36.02947,18.44157,0
-19.490124,-8.058564,0
16.427275,-7.3013964,2
-33.225075,8.095836,0
-16.55073,0.5155452,0
-17.907068,7.520008,0
-20.531918,10.4181385,0
-26.859142,-2.3753645,0
4.971382,13.911945,2
26.44595,5.828611,0
18.285124,21.93605,0
-19.89463,0.3950134,0
-12.139629,-8.400774,0
4.5868063,13.073973,2
-11.965036,3.0542629,0
12.459715,-13.480689,0
-23.15673,15.481652,0
22.242666,-23.105707,0
26.843073,-11.167932,0
16.88307,27.900953,0
-4.419743,-34.611897,0
-12.790555,9.596966,0
25.067806,9.367192,0
11.883995,31.55516,0
25.402592,-13.724349,0
12.041414,-37.796665,0
-31.658003,-4.095899,0
10.730385,-9.463538,1
-15.81136,-5.160044,0
-20.165709,17.68481,0
-10.829584,-20.349682,0
-36.168236,18.449236,0
-22.684143,-10.736265,0
-25.767897,13.517023,0
-15.746957,3.1574602,0
-16.49381,-10.528688,0
-13.684052,-20.290396,0
-42.02,-11.332444,0
-7.450668,-19.943892,0
25.965485,7.3408995,0
-31.490831,-18.782501,0
6.7558203,11.692231,2
-18.383032,-4.3180385,0
-28.291237,-6.931062,0
22.495667,11.094836,0
-12.6154995,37.984016,0
-24.157553,-20.028759,0
6.1405253,-40.258247,0
37.052597,-15.327836,0
-34.481667,5.5356255,0
28.115118,3.2053425,0
-22.133495,-4.4274917,0
23.183931,-14.99873,0
22.608059,-15.625575,0
-15.601026,4.660215,0
-8.799246,0.57247996,0
47.28681,-1.394396,1
-9.946685,-5.2411757,0
11.623426,40.650684,2
-26.21958,-22.251963,0
-23.875765,0.95376927,0
38.670532,-10.361999,0
3.2420845,19.37245,2
9.282067,10.914278,2
-16.825764,3.3779109,0
19.176113,21.412584,0
3.1301532,-23.168676,2
-19.003262,-17.625002,0
-28.143005,-10.655373,0
-22.003159,-9.1425085,0
-18.574133,0.53190786,0
-18.628897,-10.206525,0
-12.138966,-21.808208,0
11.025714,40.994373,2
10.579177,-39.260868,0
-32.212467,-10.60027,0
27.032726,12.347013,0
-23.069891,-3.663994,0
-12.8581,7.7776237,0
-23.577127,-2.5149674,0
-27.932508,-5.0326734,0
-18.415058,-4.5101185,0
22.56361,-21.317038,0
-12.891962,12.493346,0
14.289536,43.94843,1
-12.452398,33.560547,0
31.756077,2.5587077,0
-3.3796113,-32.55735,0
3.0022986,28.86426,0
10.754794,-7.8262763,1
-13.140622,-8.390887,0
-11.699357,-23.659908,0
-8.370562,38.16291,0
16.156986,23.307224,0
33.072636,19.545315,0
-13.257905,-1.935789,0
-20.929247,6.7872367,0
-27.277342,18.06119,0
-22.096155,-13.757927,0
-31.741165,-1.1577876,0
16.436445,-7.281799,2
-4.5691943,-34.851467,0
11.410185,-15.320278,0
-24.002314,-8.069092,0
22.032055,-17.698914,0
-12.542781,13.769765,0
-8.271181,8.127568,0
35.81413,-16.02795,0
-24.999943,6.261237,0
38.104645,-10.28061,0
14.533284,-27.159708,0
48.550346,-0.6684282,1
4.14351,14.889251,2
-27.578524,3.2431808,0
16.344511,-22.453382,0
-8.755187,-18.364796,0
-24.600203,9.190727,0
-18.224184,4.254171,0
-29.469885,-1.9886048,0
7.7056026,-40.21405,0
-25.554258,-10.219292,0
-19.452648,-10.026795,0
-17.051886,-6.163611,0
41.96394,-6.62375,0
-18.156937,-2.971634,0
-24.105165,-0.35125768,0
-21.969448,-3.714981,0
-17.981388,-3.8139112,0
-22.171015,-1.1208111,0
-16.462387,13.565754,0
16.234253,-38.306297,0
36.81655,-9.790181,0
-23.26552,-9.396767,0
-10.702605,-6.164274,0
32.863907,-12.304285,0
-22.013012,-4.6112466,0
-20.343605,-25.800995,0
10.6557045,10.446167,2
-23.671354,-18.81544,0
33.168213,19.804047,0
-12.312867,6.409126,0
-18.088583,-6.8389673,0
47.853477,-2.2071202,1
-12.768693,15.392345,0
2.9093533,17.849056,2
-29.285978,-13.307793,0
25.888342,-12.793439,0
48.04786,-0.12892331,1
-23.448828,-16.279167,0
-33.216206,-3.2175338,0
37.181873,-10.144977,0
-36.429817,2.2348347,0
-1.6590966,-37.501125,0
-11.349692,-2.1311398,0
25.96474,7.3273625,0
-23.294733,3.850334,0
-24.53979,1.7589878,0
-35.294754,-11.43678,0
4.7282577,23.520683,2
-26.94941,13.348623,0
48.381035,-0.20689662,1
8.629055,48.731323,2
-19.473997,-0.5176024,0
-14.698067,-19.031275,0
8.88492,48.352486,2
-42.676197,2.3249907,0
4.8562922,12.898371,2
-24.216755,-16.780632,0
-26.100798,4.79135,0
-19.652288,15.693065,0
15.894362,-7.3063927,2
-20.839676,-5.241818,0
-35.216274,-18.108068,0
22.686108,11.02828,0
15.3467045,-24.081833,0
-12.474481,38.219593,0
-15.015663,-1.9193395,0
-2.6352549,22.9379,1
-28.849918,-3.4890904,0
8.7573595,48.67692,2
-0.8618044,19.770945,1
-31.291897,-11.850946,0
-18.407923,-6.27813,0
46.71586,1.1040823,1
-17.974834,-4.9934316,0
-2.6283336,23.921803,1
16.392464,0.26223457,0
-15.705873,0.76928574,0
-37.586018,-5.2229238,0
2.6522467,-21.787844,2
-14.554841,-2.925186,0
-11.370517,39.036064,0
13.671079,43.48687,1
-14.616116,-5.928804,0
-2.3536322,-36.61616,0
-8.387272,38.18723,0
-20.311428,-8.119053,0
-24.058416,5.35015,0
22.651196,-22.193459,0
33.279194,20.332024,0
10.465002,-39.45455,0
-23.119957,-5.6518016,0
-12.412433,-17.180668,0
-33.598373,-13.267241,0
-9.462465,-6.170267,0
-26.661581,5.914641,0
-15.225964,-4.3736796,0
15.388705,44.48957,1
32.84351,2.2799253,0
3.0683908,16.770687,2
-18.822302,0.9102529,0
-5.352176,-10.793038,0
20.641062,24.516249,0
-30.125717,4.4146004,0
4.377256,-39.870304,0
-29.834024,-7.195771,0
16.411766,-7.304762,2
-35.242924,-12.794622,0
-3.193898,5.927836,0
-10.917324,-14.984925,0
-19.891531,1.2716948,0
23.627071,10.693142,0
24.89438,11.7698965,0
38.70013,3.5046704,0
16.088503,23.343853,0
37.535755,-10.161021,0
-20.228973,-4.3983345,0
-18.87989,-3.581405,0
18.33197,43.37653,1
4.8748465,24.061348,2
32.774403,2.251318,0
-2.1615405,21.87373,1
-13.305745,1.2423788,0
20.189383,2.051938,0
-9.9864,3.1820834,0
42.494034,-5.8690276,0
-0.97364694,19.121433,1
-14.568908,0.64131767,0
16.339594,-31.66382,0
12.437529,-13.440518,0
2.564222,14.931358,1
6.5381236,28.436285,0
-6.9156427,9.531511,0
-31.67861,-8.447473,0
-17.091286,-19.217558,0
37.918365,3.7967756,0
15.236249,-33.23521,0
48.520996,-1.2588483,1
22.409319,-20.510643,0
-27.526028,-3.3208354,0
27.614798,-18.091148,1
-23.600863,-3.467673,0
27.722666,5.01364,0
-12.375774,34.503036,0
-12.85225,-5.1214757,0
-37.248688,-15.311385,0
-5.0753136,0.29249814,0
2.5032172,-2.4503057,0
3.197503,14.215692,1
2.2293062,-4.9368997,0
-1.486676,1.7276124,0
7.82523,31.185741,0
-1.134623,-1.9860141,0
-2.902848,-0.6064247,0
8.327567,31.388512,0
16.626217,-38.068516,0
28.193537,3.672011,0
-2.2543013,-2.9651392,0
-3.0961208,-2.688656,0
-2.7527537,-5.831687,0
-4.8763523,-5.7341623,0
11.367516,40.5993,2
1.3224444,0.7674859,0
-0.7048742,-3.0296881,0
-5.323838,-3.5874298,0
-4.2862654,-3.5085943,0
-3.2742362,0.98252153,0
7.6296105,48.461773,2
-0.5851189,-1.0837234,0
-4.0380383,0.5743553,0
-3.4520535,-6.2103205,0
-2.407707,2.0922985,0
50.15318,-2.9136386,1
1.9867643,-1.8950745,0
-1.1954545,0.17648931,0
22.000376,-17.394789,0
-5.5481343,-2.1233392,0
-0.27912402,-6.4140196,0
33.324802,20.71933,0
47.55857,-2.5679166,1
0.2342811,-3.709566,0
-2.009324,-4.356289,0
0.19777265,-2.5224063,0
-12.378527,34.63835,0
-4.862686,-1.6273811,0
1.2060342,-4.4106116,0
22.262304,-19.952188,0
2.6409082,-1.0392959,0
6.7686553,-40.41615,0
-0.1287127,-4.8759713,0
0.28894123,-7.4363604,0
36.310444,-15.765649,0
0.2850102,-1.7894162,0
-4.100511,-0.24813204,0
-3.0674882,-3.5003703,0
3.730638,20.695595,2
9.680082,-7.5152235,1
-0.6217549,1.0745689,0
32.365196,2.4151285,0
-3.4821692,2.8457813,0
-12.413156,33.6915,0
-2.11008,0.4814745,0
-1.5327798,-1.209271,0
5.6372905,-25.511051,2
-5.2500453,-4.315239,0
-4.9019628,-0.3556109,0
6.601967,11.319477,2
41.032158,1.672343,0
37.7771,3.8149533,0
39.879307,3.1145005,0
-8.95853,38.6284,0
28.805553,8.780637,0
16.157562,-31.833855,0
16.522852,-0.1418767,0
13.265707,-6.748293,1
23.63799,10.700046,0
12.75587,42.396217,1
1.1901588,2.1435325,0
-12.758452,36.641033,0
5.5938826,-25.487064,2
-2.2292407,-7.5258846,0
3.5583494,-39.52204,0
-3.3180006,-7.3777437,0
-2.2430825,-1.0419776,0
6.3441176,28.11914,0
-1.9543675,-0.17093621,0
10.100818,-7.2582827,1
-3.870431,-1.3250756,0
37.733585,3.815703,0
14.396758,-33.502483,0
27.993977,-12.19226,0
-5.750404,-2.6227105,0
16.34421,-7.28337,2
-1.4075209,-7.8149743,0
10.162675,31.51278,0
-4.5187016,-3.2328176,0
0.083192274,-0.036875248,0
10.657433,-7.3523183,1
-1.3805459,-2.3408203,0
-3.3368552,0.50073624,0
2.3575034,-3.4448438,0
2.136516,0.097028255,0
40.077835,-10.301981,0
25.941032,-13.675334,0
37.063652,3.6664855,0
32.24143,2.4427207,0
9.342649,-7.3310456,1
-2.8703911,-1.7534046,0
0.025062785,2.3979244,0
-3.3270197,-1.9063329,0
33.244522,20.274435,0
4.6310263,-39.758644,0
27.016685,12.3399515,0
9.827934,31.883549,0
9.454471,-39.95628,0
0.54471415,1.2062893,0
-12.766132,37.16416,0
25.17045,12.337111,0
-1.4235811,-4.951057,0
10.784086,-8.698559,1
1.6085074,-3.2394042,0
18.060377,21.010168,0
0.5679673,-6.3161736,0
-2.9361606,-4.282937,0
18.891045,-1.162618,0
46.35826,0.83737946,1
36.797577,3.6373088,0
-4.70889,-5.006454,0
-12.380835,34.741978,0
21.628181,11.535818,0
0.8592689,-5.38517,0
-4.4376187,1.7795349,0
3.447833,20.032051,2
1.2465093,-0.6408303,0
15.299264,-32.955784,0
39.286827,3.2949314,0
-1.5054147,-3.2899423,0
17.500956,27.705402,0
-0.930138,-4.3053946,0
13.451371,-8.764783,1
-4.3013706,-2.459868,0
-3.7402577,-4.2587523,0
-1.9934238,3.2651482,0
-5.5123796,-1.0786324,0
-2.9350278,-5.111197,0
16.732534,-0.35375327,0
-0.8830379,3.2016633,0
-1.1822124,-6.1459765,0
22.178495,-16.665812,0
